master_metadata_album_artist_name,artist_genre,macro_genre
Big Time Rush,unknown,unknown
Soda Stereo,rock en español,Pop/Rock
CHIC,disco,unknown
Los Piojos,argentine rock,Pop/Rock
Ekko Park,unknown,unknown
Dazoneman,unknown,unknown
Callejeros,argentine rock,Pop/Rock
Technotronic,eurodance,unknown
Imagine Dragons,unknown,unknown
Metallica,metal,unknown
Pappo,argentine rock,Pop/Rock
Childish Gambino,unknown,unknown
Fito Paez,argentine rock,Pop/Rock
Radiohead,art rock,Pop/Rock
Opus,unknown,unknown
Camila Cabello,unknown,unknown
Luis Alberto Spinetta,argentine rock,Pop/Rock
Sam & Dave,motown,unknown
Blues Traveler,unknown,unknown
Bersuit Vergarabat,argentine rock,Pop/Rock
"Earth, Wind & Fire",disco,unknown
Wolfine,reggaeton,Urban
Rihanna,unknown,unknown
La Portuaria,argentine rock,Pop/Rock
Wilson Pickett,motown,unknown
Dillom,argentine trap,Urban
The Andrew Allen Trio,unknown,unknown
John C,argentine trap,Urban
Los Rodriguez,latin rock,Pop/Rock
Ciro y los Persas,argentine rock,Pop/Rock
The Rolling Stones,classic rock,Pop/Rock
Pink Floyd,progressive rock,Pop/Rock
Scary Pockets,retro soul,Otros
Tears For Fears,new wave,Pop/Rock
Marka Akme,cumbia,Regional
Van Halen,glam metal,unknown
Las Pelotas,argentine rock,Pop/Rock
Maluma,reggaeton,Urban
Mountain,classic rock,Pop/Rock
The Chainsmokers,unknown,unknown
La Zimbabwe,argentine rock,Pop/Rock
Duki,argentine trap,Urban
blackbear,unknown,unknown
Fabiana Cantilo,argentine rock,Pop/Rock
insaneintherainmusic,jazz,Otros
Bob Marley & The Wailers,reggae,unknown
Bastille,unknown,unknown
Sui Generis,argentine rock,Pop/Rock
Lil Nas X,unknown,unknown
AC/DC,rock,Pop/Rock
Talking Heads,new wave,Pop/Rock
Maroon 5,pop,Pop/Rock
Elijah Kelley,musicals,unknown
Red Hot Chili Peppers,funk rock,Pop/Rock
Jamiroquai,acid jazz,Electronica
Peter Gabriel,art rock,Pop/Rock
Joe Satriani,unknown,unknown
Cotton Eyed Joe,traditional country,Otros
Daft Punk,french house,Electronica
YSY A,argentine trap,Urban
Tiësto,edm,Electronica
WOS,argentine trap,Urban
Walk off the Earth,unknown,unknown
Miami Sound Machine,unknown,unknown
La Mosca Tse-Tse,,unknown
Chano,argentine rock,Pop/Rock
R.E.M.,jangle pop,Pop/Rock
James Brown,soul,Otros
Journey,album rock,Pop/Rock
Coldplay,unknown,unknown
Calvin Harris,edm,Electronica
Crowded House,unknown,unknown
Duran Duran,new wave,Pop/Rock
MF DOOM,experimental hip hop,Urban
Queen,classic rock,Pop/Rock
Los Nota Lokos,rkt,unknown
Breakbot,french house,Electronica
Duke Ellington,jazz,Otros
Mac Miller,unknown,unknown
Mark Ronson,unknown,unknown
Drake,rap,Urban
Bruno Mars,unknown,unknown
Serú Girán,argentine rock,Pop/Rock
maxi,unknown,unknown
Sia,unknown,unknown
Metronomy,new rave,unknown
La Beriso,argentine rock,Pop/Rock
Aerosmith,classic rock,Pop/Rock
Virus,latin rock,Pop/Rock
Andrés Calamaro,argentine rock,Pop/Rock
FKJ,unknown,unknown
weird inside,lo-fi,unknown
1nonly,phonk,unknown
Dua Lipa,pop,Pop/Rock
Michael Jackson,unknown,unknown
Dance Fruits Music,deep house,Electronica
Jimi Hendrix,psychedelic rock,Pop/Rock
Pescado Rabioso,argentine rock,Pop/Rock
"Tyler, The Creator",unknown,unknown
Charly García,argentine rock,Pop/Rock
Vulfpeck,funk rock,Pop/Rock
Thalia,latin pop,Pop/Rock
Polyphia,math rock,Pop/Rock
Allman Brothers Band,southern rock,Pop/Rock
Tina Turner,unknown,unknown
Green Day,punk,Pop/Rock
Bizarrap,argentine trap,Urban
Katrina & The Waves,unknown,unknown
Britney Spears,pop,Pop/Rock
Camille,french jazz,Otros
San Holo,future bass,unknown
Redbone,unknown,unknown
Dexter Gordon,hard bop,unknown
Troy,unknown,unknown
ABBA,unknown,unknown
Los Fabulosos Cadillacs,rock en español,Pop/Rock
The Beatles,classic rock,Pop/Rock
RŮDE,lo-fi,unknown
The Alan Parsons Project,symphonic rock,Pop/Rock
Pharrell Williams,unknown,unknown
Guns N' Roses,rock,Pop/Rock
TOTO,soft rock,Pop/Rock
Car Seat Headrest,midwest emo,Pop/Rock
Babasónicos,,unknown
Sublime,reggae rock,Pop/Rock
Dire Straits,classic rock,Pop/Rock
Two Feet,unknown,unknown
U2,rock,Pop/Rock
Pomplamoose,unknown,unknown
Axwell /\ Ingrosso,unknown,unknown
Michael Giacchino,soundtrack,unknown
Rombai,cumbia,Regional
Daryl Hall & John Oates,soft rock,Pop/Rock
Pink Guy,meme rap,Urban
Alan Gomez,rkt,unknown
The Drums,indie,Pop/Rock
Elton John,unknown,unknown
Los Pericos,spanish-language reggae,unknown
Beady Eye,britpop,Pop/Rock
Jenil,budots,unknown
Post Malone,unknown,unknown
Tan Bionica,argentine rock,Pop/Rock
Piso 21,reggaeton,Urban
Scott Bradlee's Postmodern Jukebox,swing music,unknown
Oasis,britpop,Pop/Rock
Doja Cat,unknown,unknown
Tenacious D,comedy,unknown
Wilco,alt country,Pop/Rock
Paul Simon,singer-songwriter,unknown
Eric Mandarina,unknown,unknown
El Alfa,dembow,unknown
Paulo Londra,argentine trap,Urban
Greta Van Fleet,rock,Pop/Rock
John Mayer,singer-songwriter,unknown
No Te Va Gustar,argentine rock,Pop/Rock
Shania Twain,country,Otros
Men At Work,unknown,unknown
La Maquina De Hacer Pájaros,argentine rock,Pop/Rock
Rosario Dawson,musicals,unknown
Philip Bailey,unknown,unknown
Spandau Ballet,new wave,Pop/Rock
Natalia Lafourcade,latin folk,Regional
Rafaga,cumbia,Regional
Rodrigo,cuarteto,unknown
Kenny Loggins,unknown,unknown
The Weeknd,unknown,unknown
Cosculluela,reggaeton,Urban
Bryan Adams,unknown,unknown
Shawn Mendes,unknown,unknown
Parliament,funk,Otros
Al Green,soul,Otros
Gotye,unknown,unknown
Los Abuelos De La Nada,argentine rock,Pop/Rock
The Isley Brothers,motown,unknown
Genesis,progressive rock,Pop/Rock
Eagles,classic rock,Pop/Rock
CA7RIEL,argentine trap,Urban
Twenty One Pilots,unknown,unknown
Faith No More,funk rock,Pop/Rock
C2C,electro swing,Electronica
Los Enanitos Verdes,rock en español,Pop/Rock
Fort Atlantic,unknown,unknown
Villainy,unknown,unknown
Armando Manzanero,bolero,unknown
Os Paralamas Do Sucesso,brazilian rock,Pop/Rock
La Vela Puerca,argentine rock,Pop/Rock
Foghat,classic rock,Pop/Rock
The B-52's,new wave,Pop/Rock
Damas Gratis,cumbia,Regional
Billy Joel,soft rock,Pop/Rock
Divididos,argentine rock,Pop/Rock
Stage Kids,math rock,Pop/Rock
Bruce Springsteen,unknown,unknown
War,unknown,unknown
Arcade Fire,indie rock,Pop/Rock
Madism,tropical house,Electronica
Laura Branigan,unknown,unknown
Cory Wong,jazz funk,Otros
Sam Cooke,motown,unknown
Eurythmics,new wave,Pop/Rock
Vance Joy,folk pop,Pop/Rock
Kidd Keo,trap,Urban
MC Hammer,unknown,unknown
Bee Gees,disco,unknown
Rockwell,unknown,unknown
Los Cafres,spanish-language reggae,unknown
Orianthi,unknown,unknown
Keane,unknown,unknown
Belinda Carlisle,unknown,unknown
Lou Bega,unknown,unknown
Easy Star All-Stars,dub,unknown
Hot Chocolate,unknown,unknown
The Fearless Flyers,jazz funk,Otros
DJ Snake,unknown,unknown
Patricio Rey y sus Redonditos de Ricota,argentine rock,Pop/Rock
Luciano Pereyra,folklore argentino,Otros
Christopher Tyng,unknown,unknown
Hannah Montana,unknown,unknown
Santana,unknown,unknown
Riff,argentine rock,Pop/Rock
Chet Baker,jazz,Otros
Lana Del Rey,unknown,unknown
Major Lazer,moombahton,unknown
Led Zeppelin,classic rock,Pop/Rock
OneRepublic,soft pop,Pop/Rock
Trueno,argentine trap,Urban
Los Auténticos Decadentes,argentine rock,Pop/Rock
Whitesnake,glam metal,unknown
GIT,latin rock,Pop/Rock
Deep Purple,hard rock,Pop/Rock
Vinnie Moore,neoclassical,Otros
Fats Domino,rock and roll,Pop/Rock
Almendra,argentine rock,Pop/Rock
Jack Johnson,surf rock,Pop/Rock
Big One,argentine trap,Urban
Lucas Estrada,tropical house,Electronica
La Franela,argentine rock,Pop/Rock
Sting,soft rock,Pop/Rock
Korn,nu metal,unknown
Los Prisioneros,latin rock,Pop/Rock
Woody Jackson,unknown,unknown
Crispian St. Peters,unknown,unknown
Future,rap,Urban
The Police,unknown,unknown
Marvin Gaye,motown,unknown
Miranda!,latin pop,Pop/Rock
Juan Carlos Baglietto,trova,unknown
The Cure,new wave,Pop/Rock
Derek & The Dominos,blues rock,Pop/Rock
Incubus,nu metal,unknown
Blondie,unknown,unknown
Elvis Presley,rockabilly,Pop/Rock
Rupert Holmes,unknown,unknown
Rage Against The Machine,rap metal,Urban
Pixies,alternative rock,Pop/Rock
Alan Walker,unknown,unknown
Berlin,unknown,unknown
Reik,latin pop,Pop/Rock
The Cranberries,unknown,unknown
Pekeño 77,argentine trap,Urban
NATHY PELUSO,latin hip hop,Urban
Dread Mar I,spanish-language reggae,unknown
MGMT,indie,Pop/Rock
Thin Lizzy,classic rock,Pop/Rock
Rufus Wainwright,chamber pop,Pop/Rock
Lily Allen,unknown,unknown
Ed Sheeran,soft pop,Pop/Rock
Kevo DJ,rkt,unknown
Los Tipitos,argentine rock,Pop/Rock
Rusted Root,unknown,unknown
Steve Vai,unknown,unknown
Stevie Wonder,motown,unknown
Heldeus,slap house,Electronica
Paul Desmond,cool jazz,Otros
Cheryl Freeman,unknown,unknown
The Gap Band,quiet storm,unknown
Sheryl Crow,unknown,unknown
Uncle Walt's Band,americana,unknown
Adam Neely,unknown,unknown
St. Vincent,art pop,Pop/Rock
Martin Garrix,edm,Electronica
Adele,soft pop,Pop/Rock
Bell Biv DeVoe,new jack swing,unknown
Barbi Recanati,latin indie,Pop/Rock
Nat King Cole,christmas,unknown
El Mató a un Policía Motorizado,argentine rock,Pop/Rock
Falco,neue deutsche welle,unknown
Miguel Mateos - Zas,rock en español,Pop/Rock
Roxette,unknown,unknown
Dizzy Gillespie,bebop,unknown
Nicki Minaj,unknown,unknown
Iron Maiden,heavy metal,unknown
Chayanne,latin pop,Pop/Rock
Marama,cumbia,Regional
Blaster DJ,guaracha,unknown
Gustavo Cerati,argentine rock,Pop/Rock
Seal,unknown,unknown
Meghan Trainor,unknown,unknown
Arrested Development,unknown,unknown
The Righteous Brothers,unknown,unknown
The Dave Brubeck Quartet,jazz,Otros
Capital Cities,unknown,unknown
Usted Señalemelo,latin indie,Pop/Rock
Dave Weckl,jazz fusion,Otros
Luis Miguel,mariachi,unknown
Jesse & Joy,latin pop,Pop/Rock
Gary Jules,unknown,unknown
Jean Knight,motown,unknown
Panic! At The Disco,emo,Pop/Rock
Detroit Rock Hitters,unknown,unknown
Billie Eilish,unknown,unknown
Donna Murphy,unknown,unknown
Miguel Mateos,rock en español,Pop/Rock
The Cannonball Adderley Quintet,hard bop,unknown
Pearl Jam,grunge,Pop/Rock
Papando Moscas,lullaby,unknown
Creedence Clearwater Revival,classic rock,Pop/Rock
The Fabulous Thunderbirds,blues rock,Pop/Rock
Blitz,brazilian rock,Pop/Rock
Nestor En Bloque,cumbia,Regional
Emilia,argentine trap,Urban
Chumbawamba,unknown,unknown
Airbag,argentine rock,Pop/Rock
Spinetta Y Los Socios Del Desierto,argentine rock,Pop/Rock
Bonnie Tyler,unknown,unknown
John Denver,folk,Otros
Collective Soul,post-grunge,Pop/Rock
Lynyrd Skynyrd,southern rock,Pop/Rock
Ab-Soul,unknown,unknown
Los Wachiturros,turreo,unknown
Desireless,unknown,unknown
Nek,rock en español,Pop/Rock
Peter Bjorn and John,indie,Pop/Rock
Neo Pistea,argentine trap,Urban
The Mission,deathrock,Pop/Rock
John Williams,soundtrack,unknown
Sub Urban,unknown,unknown
Rodrigo Amarante,nova mpb,unknown
The Bolshoi,new wave,Pop/Rock
MIKA,unknown,unknown
Murray Gold,soundtrack,unknown
Nicky Jam,reggaeton,Urban
Kaleb Di Masi,rkt,unknown
Taylor Swift,unknown,unknown
Juanes,latin pop,Pop/Rock
Sak Noel,moombahton,unknown
Spin Doctors,unknown,unknown
La Torre,argentine rock,Pop/Rock
CeeLo Green,unknown,unknown
Justin Bieber,unknown,unknown
Rod Stewart,soft rock,Pop/Rock
Sie7e,spanish-language reggae,unknown
Dr. Dre,g-funk,Otros
Attaque 77,argentine rock,Pop/Rock
Clean Bandit,unknown,unknown
Ricardo Mollo,argentine rock,Pop/Rock
Annie Lennox,synthpop,Pop/Rock
Sly & The Family Stone,motown,unknown
Kanye West,rap,Urban
Dexys Midnight Runners,unknown,unknown
Death From Above 1979,modern rock,Pop/Rock
Tame Impala,indie,Pop/Rock
Charlie Puth,soft pop,Pop/Rock
Madness,ska,unknown
Chick Corea,jazz fusion,Otros
One Direction,unknown,unknown
Fine Young Cannibals,unknown,unknown
A Taste Of Honey,disco,unknown
Pedro Y Pablo,argentine rock,Pop/Rock
Clifford Brown,hard bop,unknown
Robbie Williams,unknown,unknown
The Clash,punk,Pop/Rock
The Supremes,motown,unknown
Noriel,trap latino,Urban
Sumo,argentine rock,Pop/Rock
The Killers,alternative rock,Pop/Rock
Bill Withers,soul,Otros
Desiigner,unknown,unknown
Phil Collins,soft rock,Pop/Rock
Jackie Wilson,northern soul,Otros
Blue Swede,unknown,unknown
Kendrick Lamar,hip hop,Urban
El Villano,cumbia,Regional
The Doors,psychedelic rock,Pop/Rock
Soundgarden,grunge,Pop/Rock
Bhavi,argentine trap,Urban
INXS,unknown,unknown
Soft Cell,synthpop,Pop/Rock
Mancha De Rolando,argentine rock,Pop/Rock
APM Mother's Day Ensemble,unknown,unknown
Mike Posner,unknown,unknown
Lipps Inc.,disco,unknown
DJ Khaled,unknown,unknown
El Reja,cumbia,Regional
Papu DJ,rkt,unknown
Frankie Goes To Hollywood,synthpop,Pop/Rock
Los Bonnitos,cumbia,Regional
Idealism,lo-fi,unknown
Flughand,lo-fi,unknown
Madonna,unknown,unknown
Invisible,argentine rock,Pop/Rock
Ivana Spagna,italo disco,unknown
Diego Torres,latin pop,Pop/Rock
Ratones Paranoicos,argentine rock,Pop/Rock
Bibio,downtempo,unknown
Vicentico,argentine rock,Pop/Rock
The Bangles,jangle pop,Pop/Rock
Fugees,east coast hip hop,Urban
Pretenders,unknown,unknown
CNCO,reggaeton,Urban
Alphaville,synthpop,Pop/Rock
Joe Henderson,hard bop,unknown
Alanis Morissette,unknown,unknown
Rush,progressive rock,Pop/Rock
Glenn Close,unknown,unknown
Bequem,unknown,unknown
El negro tecla,rkt,unknown
TypeHeat,unknown,unknown
Ramones,punk,Pop/Rock
Dwayne Johnson,unknown,unknown
Yes,progressive rock,Pop/Rock
Frank Sinatra,christmas,unknown
Skrillex,dubstep,unknown
Las Culisueltas,cumbia,Regional
Los Violadores,latin rock,Pop/Rock
DJ Shadow,trip hop,unknown
The Soundtrack Studio Stars,unknown,unknown
John La Barbera Big Band,big band,unknown
Luis Ángel Gómez Jaramillo,unknown,unknown
Travie McCoy,unknown,unknown
Sebastian Yatra,colombian pop,Pop/Rock
Ghost Town DJs,miami bass,unknown
Scissor Sisters,unknown,unknown
Internet Money,unknown,unknown
Eric Johnson,unknown,unknown
Fountains Of Wayne,power pop,Pop/Rock
Beyoncé,unknown,unknown
Lil Eazzyy,unknown,unknown
KAYTRANADA,unknown,unknown
Ronald Reggae,reggae,unknown
Fleetwood Mac,classic rock,Pop/Rock
Paul Landry,new age,unknown
Hippie Sabotage,unknown,unknown
Junona Boys,slap house,Electronica
Lenny Kravitz,unknown,unknown
Smokie,glam rock,Pop/Rock
Donna Summer,disco,unknown
Mr. Probz,unknown,unknown
Johannes Bornlöf,unknown,unknown
Dead Or Alive,hi-nrg,unknown
Avicii,edm,Electronica
Studio Allstars,unknown,unknown
LP Giobbi,house,Electronica
John Coltrane,jazz,Otros
Isaac Hayes,soul,Otros
The Jacksons,disco,unknown
Rae Sremmurd,unknown,unknown
Michael Sembello,unknown,unknown
Fer Palacio,rkt,unknown
The Who,classic rock,Pop/Rock
The Doobie Brothers,classic rock,Pop/Rock
Electric Light Orchestra,symphonic rock,Pop/Rock
KC & The Sunshine Band,disco,unknown
Twisted Sister,glam metal,unknown
Samuel E. Wright,unknown,unknown
High School Musical Cast,unknown,unknown
Spinetta Jade,argentine rock,Pop/Rock
The Buggles,unknown,unknown
Ray Charles,jazz blues,Otros
Aretha Franklin,soul,Otros
Zoe Gotusso,latin indie,Pop/Rock
Rick James,funk,Otros
Max Graef,jazz house,Electronica
Johnny Nash,unknown,unknown
Eric Prydz,unknown,unknown
Lil Wayne,rap,Urban
The Smiths,new wave,Pop/Rock
guardin,emo rap,Pop/Rock
Miles Davis,jazz,Otros
Smash Mouth,unknown,unknown
Limahl,synthpop,Pop/Rock
Piero,trova,unknown
Kool & The Gang,disco,unknown
Etta James,soul,Otros
LOUTA,argentine trap,Urban
BIG MAKK,moombahton,unknown
Boston,classic rock,Pop/Rock
Black Sabbath,metal,unknown
Martha Reeves & The Vandellas,motown,unknown
Snarky Puppy,jazz fusion,Otros
Harry Styles,unknown,unknown
Erasure,synthpop,Pop/Rock
KSHMR,big room,unknown
Nirvana,grunge,Pop/Rock
Nio Garcia,reggaeton,Urban
November,unknown,unknown
Kygo,tropical house,Electronica
Meter Mobb,unknown,unknown
Andy Timmons,unknown,unknown
Miley Cyrus,unknown,unknown
Julie Andrews,musicals,unknown
Roy Orbison,rockabilly,Pop/Rock
Antonio Vivaldi,classical,Otros
Matt Simons,unknown,unknown
Alcides,cuarteto,unknown
Diego Ruiz,argentine rock,Pop/Rock
Bruce Hornsby,,unknown
New Radicals,unknown,unknown
The Deli,lo-fi,unknown
Jonas Blue,tropical house,Electronica
Paul McCartney,unknown,unknown
Howard Jones,new wave,Pop/Rock
Jack Stauber,unknown,unknown
Ozuna,reggaeton,Urban
Charly Black,dancehall,unknown
Cheat Codes,unknown,unknown
Chuck Berry,rockabilly,Pop/Rock
Kansas,classic rock,Pop/Rock
KISS,glam metal,unknown
Men Without Hats,synthpop,Pop/Rock
Huey Lewis & The News,unknown,unknown
The Family,disco,unknown
Kevin Kiner,soundtrack,unknown
Goldspot,unknown,unknown
Train,soft pop,Pop/Rock
Duck Sauce,disco house,Electronica
Dj Jules,vaporwave,unknown
Leon Haywood,unknown,unknown
Franz Ferdinand,indie rock,Pop/Rock
Oscar Peterson,jazz,Otros
R3HAB,slap house,Electronica
The Knack,power pop,Pop/Rock
Catupecu Machu,argentine rock,Pop/Rock
DNCE,unknown,unknown
David Bowie,glam rock,Pop/Rock
Run–D.M.C.,east coast hip hop,Urban
Masego,unknown,unknown
Nina Simone,vocal jazz,Otros
Gary Moore,blues,Otros
Ella Es Tan Cargosa,argentine rock,Pop/Rock
Halconizados de Amor,cumbia,Regional
Ella Fitzgerald,vocal jazz,Otros
Peter La Anguila,unknown,unknown
Solomon Burke,soul,Otros
Steve Lacy,unknown,unknown
American Authors,unknown,unknown
Ozzy Osbourne,metal,unknown
The Rembrandts,unknown,unknown
Coolio,west coast hip hop,Urban
Sam Rollins,unknown,unknown
5 Seconds of Summer,unknown,unknown
The Pointer Sisters,disco,unknown
Tiago PZK,argentine trap,Urban
George Michael,unknown,unknown
Ben L'Oncle Soul,jazz blues,Otros
Four Tops,motown,unknown
Juice Newton,unknown,unknown
Soulja Boy,unknown,unknown
I'm Blue,unknown,unknown
Susan Egan,unknown,unknown
The Verve,britpop,Pop/Rock
Eric Clapton,blues,Otros
Farruko,reggaeton,Urban
Otis McDonald,jazz funk,Otros
Willy Crook,unknown,unknown
John Travolta,musicals,unknown
Y2K,unknown,unknown
PRETTYMUCH,unknown,unknown
Los Siete Delfines,argentine rock,Pop/Rock
The Notorious B.I.G.,gangster rap,Urban
Eladio Carrion,trap latino,Urban
Blur,britpop,Pop/Rock
The Foundations,unknown,unknown
Irene Cara,unknown,unknown
Perras on the beach,latin indie,Pop/Rock
Travis Scott,rap,Urban
HUTS,slap house,Electronica
Jason Derulo,unknown,unknown
Vaundy,j-pop,Pop/Rock
The Temptations,motown,unknown
a-ha,new wave,Pop/Rock
Dionne Warwick,unknown,unknown
DJ Tao,rkt,unknown
Ben E. King,unknown,unknown
G-Eazy,unknown,unknown
Arjun Kaul,unknown,unknown
Kaiser Chiefs,britpop,Pop/Rock
Dirty Loops,jazz funk,Otros
João Gilberto,bossa nova,unknown
Moray Pringle,math rock,Pop/Rock
J Alvarez,reggaeton,Urban
Gorillaz,unknown,unknown
Jaco Pastorius,jazz fusion,Otros
Alesso,edm,Electronica
WWE,unknown,unknown
Ana Mena,unknown,unknown
Aminé,unknown,unknown
Happy Mondays,madchester,unknown
Jimmy Buffett,unknown,unknown
Laid Back,unknown,unknown
Kenny Rogers,country,Otros
Shokk,meme rap,Urban
Rusherking,argentine trap,Urban
The Vamps,unknown,unknown
#TocoParaVos,cumbia,Regional
Run The Jewels,hip hop,Urban
Fall Out Boy,emo,Pop/Rock
Neil Diamond,unknown,unknown
Paco Amoroso,unknown,unknown
Katy Perry,pop,Pop/Rock
Romeo Santos,bachata,Regional
Super Simple Songs,children's music,unknown
Jesse MacLeod,unknown,unknown
Masked Wolf,unknown,unknown
Freddie Dredd,phonk,unknown
Otis Redding,soul,Otros
Guthrie Govan,jazz fusion,Otros
The Wailers,reggae,unknown
SAINt JHN,unknown,unknown
Maxi Trusso,unknown,unknown
The Rock Band,unknown,unknown
Midnight Oil,surf rock,Pop/Rock
The Kinks,proto-punk,Pop/Rock
The Human League,new wave,Pop/Rock
The Kooks,indie,Pop/Rock
Alejandro Lerner,argentine rock,Pop/Rock
Rooftops,math rock,Pop/Rock
Eddie Floyd,soul,Otros
The Strokes,garage rock,Pop/Rock
The Animals,classic rock,Pop/Rock
Destino Clan,unknown,unknown
potsu,lo-fi,unknown
The Axis of Awesome,comedy,unknown
La Quinta Estacion,latin pop,Pop/Rock
Board-Man,lo-fi,unknown
Frijo,argentine trap,Urban
Carlos Vives,colombian pop,Pop/Rock
Billy Ray Cyrus,unknown,unknown
Khalid,unknown,unknown
The Sugarhill Gang,unknown,unknown
Marlena Shaw,northern soul,Otros
Bill Evans,jazz,Otros
Michel Teló,sertanejo,unknown
Turf,argentine rock,Pop/Rock
Banda XXI,cuarteto,unknown
Aterrizaje Forzoso,latin rock,Pop/Rock
Luiz Bonfá,bossa nova,unknown
Cannonball Adderley,hard bop,unknown
Olvidate!,cumbia,Regional
Joey Bada$$,hip hop,Urban
Billy Idol,unknown,unknown
Alexandra Stan,unknown,unknown
Randy Newman,unknown,unknown
Screaming Headless Torsos,funk rock,Pop/Rock
Oscar Peterson Trio,jazz,Otros
The Black Keys,blues rock,Pop/Rock
Curtis Mayfield,soul,Otros
Art Tatum,jazz,Otros
Sha Na Na,musicals,unknown
ZAYN,unknown,unknown
Jhené Aiko,r&b,Urban
Ryan McCartan,musicals,unknown
Stan Getz,bossa nova,unknown
Lalo Leyva,unknown,unknown
The Smashing Pumpkins,alternative rock,Pop/Rock
Porta,unknown,unknown
M.S. Art,unknown,unknown
Tempo,latin hip hop,Urban
Amy Winehouse,unknown,unknown
Wallows,indie,Pop/Rock
Outkast,southern hip hop,Urban
Eiffel 65,eurodance,unknown
Portugal. The Man,unknown,unknown
Macklemore & Ryan Lewis,unknown,unknown
Bad Bunny,reggaeton,Urban
monte booker,unknown,unknown
BTS,k-pop,Pop/Rock
Maikel Delacalle,trap latino,Urban
George Harrison,unknown,unknown
Icona Pop,unknown,unknown
BADBADNOTGOOD,unknown,unknown
Los De La Nazza,reggaeton,Urban
The Royal Philharmonic Concert Orchestra,unknown,unknown
Lou Reed,glam rock,Pop/Rock
Prince,funk rock,Pop/Rock
Blue Öyster Cult,classic rock,Pop/Rock
Dimitri Vegas & Like Mike,big room,unknown
The Cars,power pop,Pop/Rock
John Newman,unknown,unknown
Gloria Gaynor,disco,unknown
Nikki Blonsky,musicals,unknown
Thurston Harris,doo-wop,unknown
Frank Ocean,unknown,unknown
Vampire Weekend,indie,Pop/Rock
Leona Lewis,unknown,unknown
Jarabe De Palo,rock en español,Pop/Rock
Mac DeMarco,indie,Pop/Rock
Luis Fonsi,latin,Regional
Carmen Twillie,unknown,unknown
Rick Astley,unknown,unknown
Fontella Bass,motown,unknown
WALK THE MOON,unknown,unknown
The La Planta,cumbia,Regional
Estelares,argentine rock,Pop/Rock
SwitchOTR,uk drill,Urban
Beck,unknown,unknown
Las Pastillas del Abuelo,argentine rock,Pop/Rock
Marcos Valle,bossa nova,unknown
Moai Beats,lo-fi,unknown
Peaches & Herb,disco,unknown
Justin Timberlake,unknown,unknown
Tyga,unknown,unknown
Poncho,electropop,Pop/Rock
Alabama Shakes,unknown,unknown
Yandar & Yostin,reggaeton,Urban
Amii Stewart,disco,unknown
Victoria Monét,alternative r&b,Pop/Rock
Salt-N-Pepa,unknown,unknown
Anitta,brazilian pop,Pop/Rock
The Lumineers,folk pop,Pop/Rock
Arctic Monkeys,indie,Pop/Rock
Los Unidades,unknown,unknown
Steely Dan,classic rock,Pop/Rock
The Proclaimers,unknown,unknown
Calle 13,latin hip hop,Urban
Gilda,cumbia,Regional
The Meters,funk,Otros
Monophonics,retro soul,Otros
Higher Brothers,chinese hip hop,Urban
Jimmy Cliff,reggae,unknown
Ashe,unknown,unknown
Joy Division,post-punk,Pop/Rock
Tay Zonday,unknown,unknown
Pusha T,unknown,unknown
Hailee Steinfeld,unknown,unknown
Steve Winwood,soft rock,Pop/Rock
David Guetta,edm,Electronica
Victorious Cast,unknown,unknown
Electro Deluxe,acid jazz,Electronica
Leslie Grace,bachata,Regional
Sean Paul,dancehall,unknown
Playboi Carti,rage rap,Urban
Boney M.,disco,unknown
The Harmony Group,unknown,unknown
A Tribe Called Quest,jazz rap,Urban
Depeche Mode,new wave,Pop/Rock
Kristen Anderson-Lopez,unknown,unknown
MAGIC!,unknown,unknown
Foo Fighters,rock,Pop/Rock
Mike Oldfield,progressive rock,Pop/Rock
Bill Medley,unknown,unknown
Amelia Cole,unknown,unknown
Matt White,gothic country,Otros
Janis Joplin,classic rock,Pop/Rock
Hentai Xander,hyperpop,Pop/Rock
Dj Cutman,lo-fi,unknown
Rascal Flatts,country,Otros
IQ,progressive rock,Pop/Rock
tides.,jazz beats,Otros
Beach Bunny,unknown,unknown
Europe,glam metal,unknown
Lionel Richie,motown,unknown
Charles Aznavour,chanson,unknown
Hardwell,big room,unknown
Sharpay Evans,unknown,unknown
Dessia el Otro,cumbia,Regional
Andrew Huang,unknown,unknown
Louis Armstrong,jazz,Otros
Dr. Octagon,experimental hip hop,Urban
Fat Joe,east coast hip hop,Urban
Netta Brielle,unknown,unknown
David Lebón,argentine rock,Pop/Rock
The Jackson 5,motown,unknown
Katie Viqueira,lullaby,unknown
Sister Sledge,disco,unknown
Nicki Nicole,argentine trap,Urban
Evanescence,alternative metal,Pop/Rock
The Ronettes,christmas,unknown
Boyce Avenue,acoustic pop,Pop/Rock
Bobby Caldwell,unknown,unknown
Queens of the Stone Age,stoner rock,Pop/Rock
The Teardrop Explodes,post-punk,Pop/Rock
Suzanne Vega,singer-songwriter,unknown
RichaadEB,unknown,unknown
Los Twist,argentine rock,Pop/Rock
Irma Thomas,unknown,unknown
Camilo Salinas,unknown,unknown
Alannah Myles,unknown,unknown
Rockabye Baby!,lullaby,unknown
Geek Music,anime,Otros
El Retutu,cumbia,Regional
Lady Gaga,art pop,Pop/Rock
Lizzo,unknown,unknown
Ed Motta,mpb,unknown
Bill Conti,unknown,unknown
Chance the Rapper,unknown,unknown
WILLOW,unknown,unknown
Stevie Ray Vaughan,blues,Otros
Aaron Smith,unknown,unknown
Árbol,argentine rock,Pop/Rock
Sérgio Mendes,brazilian jazz,Otros
Limes,lo-fi beats,unknown
Three Dog Night,unknown,unknown
Los Caballeros De La Quema,argentine rock,Pop/Rock
Alessia Cara,unknown,unknown
Perico Hernandez,unknown,unknown
Zac Efron,musicals,unknown
Sajan,unknown,unknown
Melodyia Music,unknown,unknown
Tower Of Power,jazz funk,Otros
Eminem,rap,Urban
Gaelic Storm,celtic,unknown
Shirt,unknown,unknown
MxPx,skate punk,Pop/Rock
Shouse,unknown,unknown
Survivor,unknown,unknown
Beastie Boys,rap rock,Pop/Rock
Ohio Players,soul,Otros
Intoxicados,argentine rock,Pop/Rock
Benja Barceló,unknown,unknown
Vanessa Hudgens,unknown,unknown
Silk City,unknown,unknown
Don Omar,reggaeton,Urban
Sly Stone,northern soul,Otros
Victor Wooten,jazz fusion,Otros
Mandy Moore,unknown,unknown
Steve Miller Band,classic rock,Pop/Rock
Beach House,dream pop,Pop/Rock
The Turtles,unknown,unknown
Roger Waters,progressive rock,Pop/Rock
Plan B,reggaeton,Urban
Pet Shop Boys,synthpop,Pop/Rock
Antonio Rios,cumbia,Regional
Def Leppard,glam metal,unknown
Man Ray,argentine rock,Pop/Rock
Danny Brown,experimental hip hop,Urban
Zafrir,melodic techno,Electronica
Armin van Buuren,trance,Electronica
Richard White,unknown,unknown
Jinsang,lo-fi,unknown
Marco Antonio Solís,grupera,unknown
Glee Cast,christmas,unknown
J Balvin,reggaeton,Urban
Dove Cameron,unknown,unknown
El Apache Ness,cumbia,Regional
Foster The People,unknown,unknown
Huntertones,jazz funk,Otros
Ms Nina,neoperreo,unknown
U.S.A. For Africa,unknown,unknown
Scorpions,hard rock,Pop/Rock
Joey Montana,reggaeton,Urban
J.J. Cale,blues,Otros
Ken Clayton,unknown,unknown
El Cuarteto De Nos,cuarteto,unknown
The White Stripes,garage rock,Pop/Rock
Saib,lo-fi,unknown
Wun Two,lo-fi beats,unknown
Baltimora,italo disco,unknown
Christina Aguilera,unknown,unknown
Micro TDH,unknown,unknown
Kiddtetoon,chilean trap,Urban
Black Eyed Peas,unknown,unknown
Couch,pop soul,Pop/Rock
DaBaby,unknown,unknown
Bon Jovi,glam metal,unknown
Oliver Tree,unknown,unknown
Van Morrison,unknown,unknown
Lasser,acid house,Electronica
Black Pumas,retro soul,Otros
The O'Jays,philly soul,Otros
Delegation,unknown,unknown
George Benson,smooth jazz,Otros
The Spinners,philly soul,Otros
fun.,unknown,unknown
Jacob Sartorius,unknown,unknown
Gema Castaño,unknown,unknown
Dave Koz,unknown,unknown
Stealth,unknown,unknown
Ike & Tina Turner,motown,unknown
Funky Times,jazz funk,Otros
Keyan JRN,unknown,unknown
Iván Cairo,unknown,unknown
Russ,unknown,unknown
GoldLink,unknown,unknown
The Greatest Bits,unknown,unknown
The National,indie rock,Pop/Rock
George Thorogood & The Destroyers,classic rock,Pop/Rock
Megan Thee Stallion,unknown,unknown
Epic Rap Battles of History,comedy,unknown
U-Roy,reggae,unknown
Little Richard,rockabilly,Pop/Rock
Generation X,unknown,unknown
Eric Carmen The Non Binary Sandman,unknown,unknown
Arizona Zervas,unknown,unknown
Aleph-1,glitch,unknown
Arvid Häggström,unknown,unknown
Bad Suns,unknown,unknown
John Lennon,christmas,unknown
El Super Hobby,cumbia,Regional
Tu Papa,cumbia,Regional
Charlton Heston,unknown,unknown
Palo Pandolfo,argentine rock,Pop/Rock
Maia Mitchell,unknown,unknown
M-Clan,unknown,unknown
The Neighbourhood,unknown,unknown
Marvin Berry,unknown,unknown
Supertramp,progressive rock,Pop/Rock
Tom Petty and the Heartbreakers,classic rock,Pop/Rock
Sade,unknown,unknown
Chicago,soft rock,Pop/Rock
Kenny G,smooth jazz,Otros
Perry Como,christmas,unknown
PJ Morton,neo soul,Otros
Steppenwolf,classic rock,Pop/Rock
M83,unknown,unknown
Cristian Castro,latin pop,Pop/Rock
Mart'nália,samba,unknown
Moloko,trip hop,unknown
Vanilla,lo-fi beats,unknown
Bucks Fizz,unknown,unknown
Muse,alternative rock,Pop/Rock
"quickly, quickly",lo-fi,unknown
KALEO,unknown,unknown
Chorus - Hercules,unknown,unknown
aLee DJ,unknown,unknown
bôa,unknown,unknown
Mc Danone,funk de bh,Otros
Andy Williams,christmas,unknown
Zion & Lennox,reggaeton,Urban
Planet or Plastic?,unknown,unknown
Vinícius,bossa nova,unknown
Ski Mask The Slump God,unknown,unknown
Vilma Palma e Vampiros,rock en español,Pop/Rock
ROSE BEAT,unknown,unknown
Carl Douglas,unknown,unknown
Daddy Yankee,reggaeton,Urban
Harmonia & Eno '76,krautrock,Pop/Rock
Ram Jam,southern rock,Pop/Rock
A Flock Of Seagulls,new wave,Pop/Rock
Tim Maia,mpb,unknown
Buddy Guy,blues,Otros
Joan Manuel Serrat,trova,unknown
Enrique Iglesias,latin pop,Pop/Rock
Makano,reggaeton,Urban
The 8-Bit Big Band,big band,unknown
Big Yamo,reggaeton,Urban
Kale “La Evolución”,unknown,unknown
Bob Seger,classic rock,Pop/Rock
Robben,unknown,unknown
Alex Rose,trap latino,Urban
The Kid LAROI,unknown,unknown
MC Fioti,funk,Otros
Fred Mollin and the Blue Sea Band,boogie-woogie,unknown
ELIO,unknown,unknown
Anderson .Paak,unknown,unknown
Giuseppe Verdi,opera,Otros
Billy Cobham,jazz fusion,Otros
Revol,trap latino,Urban
JAY-Z,hip hop,Urban
Kina,unknown,unknown
Linkin Park,nu metal,unknown
Brian Lanzelotta,cumbia,Regional
Conociendo Rusia,latin indie,Pop/Rock
Cory Henry,retro soul,Otros
Count Basie,big band,unknown
Neil Hannon,unknown,unknown
Ases Falsos,latin rock,Pop/Rock
Charles Givings,unknown,unknown
Varra,jazz fusion,Otros
The Internet,alternative r&b,Pop/Rock
Pitbull,unknown,unknown
Sabrepulse,unknown,unknown
4 Non Blondes,unknown,unknown
Alex Zurdo,christian,unknown
Nene Malo,cumbia,Regional
Cindy Bullens,musicals,unknown
Grateful Dead,psychedelic rock,Pop/Rock
Selena Gomez & The Scene,unknown,unknown
Lali,unknown,unknown
A$AP Rocky,rap,Urban
Los Yetis,unknown,unknown
Dalex,reggaeton,Urban
USHER,r&b,Urban
Conan Gray,unknown,unknown
Jaymes Young,unknown,unknown
Richard Coleman,argentine rock,Pop/Rock
Lee Ritenour,smooth jazz,Otros
Mano Arriba,cumbia,Regional
Alexis y Fido,reggaeton,Urban
Wintrz!,unknown,unknown
Gabry Ponte,slap house,Electronica
Jx.Zero,unknown,unknown
Neil Young,classic rock,Pop/Rock
Wu-Tang Clan,east coast hip hop,Urban
Cymande,afrobeat,Urban
Canserbero,latin hip hop,Urban
Vinícius de Moraes,bossa nova,unknown
Mount Royal Orchestra,pirate metal,unknown
Jason Mraz,soft pop,Pop/Rock
Kim Carnes,unknown,unknown
Sofía Gabanna,latin hip hop,Urban
Noisettes,unknown,unknown
Passenger,folk pop,Pop/Rock
The Housemartins,jangle pop,Pop/Rock
Hudson Mohawke,unknown,unknown
Martin Miller,unknown,unknown
Chali 2na,unknown,unknown
Starlight Orchestra,neue deutsche welle,unknown
Coopex,slap house,Electronica
Avalon,psytrance,Electronica
LMFAO,unknown,unknown
Dancing Mood,ska,unknown
Ashley Tisdale,unknown,unknown
Charles Wright & The Watts 103rd Street Rhythm Band,unknown,unknown
Donny Osmond,unknown,unknown
Ray Parker Jr.,unknown,unknown
Chernikovskaya Hata,post-punk,Pop/Rock
Gunna,melodic rap,Urban
Cream,classic rock,Pop/Rock
ECKO,rkt,unknown
Gus Dapperton,bedroom pop,Pop/Rock
pewdiepie,unknown,unknown
Yola,retro soul,Otros
Air,trip hop,unknown
Fobia,rock en español,Pop/Rock
Andy Grammer,unknown,unknown
Jaden,unknown,unknown
Cody Fry,unknown,unknown
Banda Original Columbia,unknown,unknown
Ludwig van Beethoven,classical,Otros
Sonny Rollins,hard bop,unknown
Ariana Grande,pop,Pop/Rock
Marty McFly,unknown,unknown
Dani Cejas,rkt,unknown
Simon & Garfunkel,folk rock,Pop/Rock
DJ MRK,turreo,unknown
Still Woozy,bedroom pop,Pop/Rock
Damián Córdoba,cuarteto,unknown
Wiz Khalifa,rap,Urban
Spice Girls,unknown,unknown
Weld,norwegian pop,Pop/Rock
Antônio Carlos Jobim,bossa nova,unknown
Thundercat,unknown,unknown
Casa De Leones,reggaeton,Urban
Edward Maya,unknown,unknown
((( O ))),unknown,unknown
CoryaYo,jazz rap,Urban
o k h o,lo-fi,unknown
Quincy Jones,soul jazz,Otros
Counting Crows,unknown,unknown
Rosario Serafin,unknown,unknown
George Duke,jazz funk,Otros
Broken Bells,unknown,unknown
Dizzee Rascal,grime,unknown
Alma Bella,unknown,unknown
Starship,unknown,unknown
Giveon,,unknown
Pasandola Bomba,cumbia,Regional
Bobby Womack,soul,Otros
Benzz,uk drill,Urban
The Wonders,unknown,unknown
Chico Buarque,mpb,unknown
"""Weird Al"" Yankovic",comedy,unknown
Jodi Benson,unknown,unknown
Nat King Cole Trio,vocal jazz,Otros
Dickey Betts,southern rock,Pop/Rock
Mark Mendy,unknown,unknown
Becky G,reggaeton,Urban
The Outfield,unknown,unknown
Amar Azul,cumbia,Regional
The Guess Who,classic rock,Pop/Rock
Nick Jonas,unknown,unknown
Steven Universe,unknown,unknown
Maxine Nightingale,unknown,unknown
Indios,latin indie,Pop/Rock
B. E. King,unknown,unknown
C418,unknown,unknown
Bully,unknown,unknown
Loca People,unknown,unknown
Sticky Fingers,surf rock,Pop/Rock
Wisin & Yandel,reggaeton,Urban
Halestorm,unknown,unknown
Dominik Hauser,unknown,unknown
Josh Gad,musicals,unknown
Lalo Ebratt,reggaeton,Urban
Ross Lynch,unknown,unknown
Kinder Malo,unknown,unknown
Kupla,lo-fi,unknown
Elia y Elizabeth,unknown,unknown
Jeff Beck,jazz fusion,Otros
Danny DeVito,unknown,unknown
Dj Panda Boladao,phonk,unknown
OMI,unknown,unknown
Tinariwen,gnawa,unknown
Memphis La Blusera,argentine rock,Pop/Rock
Village People,disco,unknown
PNAU,unknown,unknown
The Barden Bellas,unknown,unknown
MC Pat Flynn,unknown,unknown
F.R. David,unknown,unknown
Ugly Kid Joe,glam metal,unknown
Ango,hard house,Electronica
Marcus Miller,jazz fusion,Otros
C.R.O,argentine trap,Urban
Black Box,eurodance,unknown
Kevin Johansen,latin folk,Regional
Melo.Kids,unknown,unknown
Texas,unknown,unknown
Megadeth,thrash metal,unknown
The Wallflowers,unknown,unknown
DragonForce,power metal,unknown
Girl Talk,unknown,unknown
Lady Wray,retro soul,Otros
Commodores,motown,unknown
Sael,urbano latino,Regional
Raphael Saadiq,neo soul,Otros
Volt Boy,unknown,unknown
ABC,new wave,Pop/Rock
Hans Zimmer,soundtrack,unknown
When In Rome,new wave,Pop/Rock
Quiet Riot,glam metal,unknown
The Five Stairsteps,unknown,unknown
24kGoldn,unknown,unknown
STRFKR,unknown,unknown
Rob Base & DJ EZ Rock,hip house,Electronica
Danny Wilson,unknown,unknown
Dusty Springfield,unknown,unknown
Handsome Boy Modeling School,trip hop,unknown
UB40,reggae,unknown
B.o.B,unknown,unknown
Bronski Beat,synthpop,Pop/Rock
Tom Walker,unknown,unknown
Cutting Crew,unknown,unknown
Traumton,lounge,unknown
MC Kevinho,funk,Otros
Angelica Vale,unknown,unknown
Los Totora,cumbia,Regional
El Italiano,argentine trap,Urban
De La Ghetto,reggaeton,Urban
Flo Rida,unknown,unknown
Nick Johnston,djent,unknown
Illya Kuryaki & The Valderramas,rock en español,Pop/Rock
Tomas Chris,indie rock,Pop/Rock
The Soul Sensation,unknown,unknown
Tommy Tutone,unknown,unknown
EMF,madchester,unknown
Ne-Yo,unknown,unknown
The Communards,hi-nrg,unknown
ScHoolboy Q,unknown,unknown
Neil Zaza,unknown,unknown
D-Enyel,reggaeton,Urban
Rels B,urbano latino,Regional
Arthur Conley,northern soul,Otros
Locura Mix,rkt,unknown
The Pioneers,rocksteady,Pop/Rock
BENEE,unknown,unknown
The Jamaican Reggae Boys,unknown,unknown
Cruzando El Charco,argentine rock,Pop/Rock
Kempi,unknown,unknown
Disney Kids Band,unknown,unknown
DJ Yayo,rkt,unknown
Pappo's Blues,argentine rock,Pop/Rock
Carlos Rivera,latin pop,Pop/Rock
MC's Jhowzinho & Kadinho,funk,Otros
David Lee Roth,glam metal,unknown
Mala Rodríguez,latin hip hop,Urban
Edward Elgar,classical,Otros
The Contours,motown,unknown
El Gran Silencio,rock en español,Pop/Rock
Grupo Play,cumbia,Regional
Claire Rosinkranz,unknown,unknown
RuthAnne,unknown,unknown
Rauw Alejandro,reggaeton,Urban
Old Man Saxon,unknown,unknown
King's X,funk rock,Pop/Rock
Roxy Music,glam rock,Pop/Rock
The Presidents Of The United States Of America,grunge,Pop/Rock
Billy Eichner,unknown,unknown
Screen Jazzmaster,lo-fi beats,unknown
Jim Horn,unknown,unknown
Mary Costa,unknown,unknown
Zara Larsson,unknown,unknown
Grand Funk Railroad,classic rock,Pop/Rock
LIT killah,argentine trap,Urban
Lee Morgan,hard bop,unknown
Roger Bart,unknown,unknown
Nico & Vinz,unknown,unknown
Cher,unknown,unknown
Cavetown,bedroom pop,Pop/Rock
Fastball,unknown,unknown
Vitamin String Quartet,orchestra,unknown
LUM!X,slap house,Electronica
Level 42,synthpop,Pop/Rock
SZA,r&b,Urban
The Band,folk rock,Pop/Rock
Macklemore,unknown,unknown
Tokischa,dembow,unknown
Urge Overkill,unknown,unknown
De Jeugd Van Tegenwoordig,nederpop,Pop/Rock
Sofi de la Torre,unknown,unknown
Los Dug Dug's,mexican rock,Pop/Rock
New Order,new wave,Pop/Rock
Jonah Nilsson,unknown,unknown
Los Nemus Del Pacifico,salsa,unknown
BJ The Chicago Kid,neo soul,Otros
Wild Cherry,unknown,unknown
Lucky Luciano,latin hip hop,Urban
K'NAAN,unknown,unknown
Gilberto Gil,mpb,unknown
Robin Schulz,tropical house,Electronica
Chico Rose,slap house,Electronica
Oscar D'León,salsa,unknown
Joe Cocker,unknown,unknown
The Lost Fingers,swing music,unknown
The Romantics,power pop,Pop/Rock
Racer X,speed metal,unknown
Nonpalidece,spanish-language reggae,unknown
Alicia Keys,r&b,Urban
Dj Lauuh,rkt,unknown
ZZ Top,southern rock,Pop/Rock
Viejas Locas,argentine rock,Pop/Rock
Ulises Bueno,cuarteto,unknown
Super Yei,reggaeton,Urban
NAFTA,unknown,unknown
DJ Top Gun,unknown,unknown
Phay,unknown,unknown
Danny Ocean,reggaeton,Urban
The Gregg Allman Band,southern rock,Pop/Rock
DJ Luc14no Antileo,rkt,unknown
Kristofer Maddigan,soundtrack,unknown
The Bar-Kays,funk,Otros
Ivan Noble,argentine rock,Pop/Rock
KEVIN ROLDAN,reggaeton,Urban
The Lonely Island,comedy,unknown
Los Gatos,argentine rock,Pop/Rock
Funkadelic,funk rock,Pop/Rock
Coti,argentine rock,Pop/Rock
John Paesano,soundtrack,unknown
KAROL G,reggaeton,Urban
Bakar,unknown,unknown
Swedish House Mafia,edm,Electronica
Plini,djent,unknown
Fandom,unknown,unknown
Litto Nebbia,argentine rock,Pop/Rock
TV Theme Song Library,unknown,unknown
Sonido De La Costa,cumbia,Regional
Orquesta Ritmo De Sabanas,unknown,unknown
Gal Costa,mpb,unknown
[bsd.u],lo-fi,unknown
Free Nationals,unknown,unknown
Louis Tomlinson,unknown,unknown
Pimp Flaco,unknown,unknown
NATTI NATASHA,reggaeton,Urban
James Marsden,musicals,unknown
eery,lo-fi,unknown
Steve Petrunak,unknown,unknown
Peter Frampton,classic rock,Pop/Rock
Shotgun Willy,meme rap,Urban
Los Bunkers,latin rock,Pop/Rock
to-be,unknown,unknown
Backstreet Boys,unknown,unknown
The Surrealist,math rock,Pop/Rock
Pete Rodriguez,cha cha cha,unknown
TheFatRat,unknown,unknown
eevee,lo-fi,unknown
Don Osvaldo,argentine rock,Pop/Rock
Clairo,bedroom pop,Pop/Rock
King Crimson,progressive rock,Pop/Rock
Charly García & The Prostitution,unknown,unknown
standards,math rock,Pop/Rock
Reykon,reggaeton,Urban
King Kobra,album rock,Pop/Rock
Olly Murs,unknown,unknown
Tchakabum,axé,Regional
Bob Dylan,folk rock,Pop/Rock
Shakira,latin pop,Pop/Rock
The Fray,unknown,unknown
Young Martino,trap latino,Urban
Ricky Martin,latin pop,Pop/Rock
Peter Tosh,reggae,unknown
Los Latinos,unknown,unknown
Darell,reggaeton,Urban
Selena Gomez,pop,Pop/Rock
2CELLOS,unknown,unknown
The Last Shadow Puppets,baroque pop,Pop/Rock
Hippo Campus,unknown,unknown
Ryan,unknown,unknown
Axel Black & White,unknown,unknown
No Doubt,unknown,unknown
Klezmer Music,unknown,unknown
Arcángel,reggaeton,Urban
Blood Orange,art pop,Pop/Rock
Kim Wilde,unknown,unknown
Joel Corry,dance pop,Pop/Rock
Sushisingz,unknown,unknown
ACRAZE,tech house,Electronica
Django Reinhardt,swing music,unknown
Tony Dize,reggaeton,Urban
The Moody Blues,progressive rock,Pop/Rock
The Crimson Big Movie Orchestra,unknown,unknown
ROSALÍA,latin,Regional
Lea Salonga,unknown,unknown
Nena,neue deutsche welle,unknown
Jennifer Lopez,unknown,unknown
DEVO,new wave,Pop/Rock
Mariah Carey,christmas,unknown
Joe Walsh,classic rock,Pop/Rock
Dabeull,nu disco,unknown
Band Of One,unknown,unknown
Los Musiqueros,lullaby,unknown
C. Tangana,unknown,unknown
Kali Uchis,unknown,unknown
Rainy Mood,unknown,unknown
Wet Wet Wet,unknown,unknown
La 25,argentine rock,Pop/Rock
Dame 5,cumbia,Regional
Logic,unknown,unknown
Luck Ra,cuarteto,unknown
Nappy Roots,southern hip hop,Urban
Simply Red,unknown,unknown
Disturbing Tha Peace,unknown,unknown
Jerry Herman,musicals,unknown
Barry White,disco,unknown
Jósean Log,mexican indie,Pop/Rock
Nathan Lane,unknown,unknown
Motörhead,heavy metal,unknown
My Chemical Romance,emo,Pop/Rock
Poolside,nu disco,unknown
Athletic Progression,nu jazz,Otros
Shawn Lane,jazz fusion,Otros
Los Claxons,unknown,unknown
Modjo,french house,Electronica
Zato DJ,turreo,unknown
Muddy Waters,blues,Otros
Bobby McFerrin,unknown,unknown
NIVEK,hypertechno,Electronica
Israel Kamakawiwo'ole,unknown,unknown
Agapornis,cumbia,Regional
Roberto Goyeneche,tango,Regional
Nara Leão,bossa nova,unknown
Rex Orange County,bedroom pop,Pop/Rock
Mario,r&b,Urban
Julio Sosa,tango,Regional
Keith David,unknown,unknown
Sonic Scenario,unknown,unknown
Herbie Hancock,jazz,Otros
Predu2k,unknown,unknown
Philip Glass,minimalism,unknown
glophia,unknown,unknown
Shaun Martin,jazz fusion,Otros
Gnarls Barkley,unknown,unknown
The Brothers Johnson,disco,unknown
Oingo Boingo,new wave,Pop/Rock
Peteco Carabajal,folklore argentino,Otros
Earthquake Lights,unknown,unknown
James Monroe Iglehart,musicals,unknown
blameF,unknown,unknown
Dmitri Shostakovich,classical,Otros
Smino,unknown,unknown
Celeste Carballo,argentine rock,Pop/Rock
Blake Mills,unknown,unknown
Abril Chiro,unknown,unknown
Tavares,disco,unknown
Culture Club,unknown,unknown
Bryan Ferry,glam rock,Pop/Rock
Aloe Blacc,unknown,unknown
Taiu,argentine trap,Urban
Grupo Niche,salsa,unknown
Haddaway,eurodance,unknown
The Offspring,punk,Pop/Rock
Dizzy Gillespie Quintet,bebop,unknown
James Brown & The Famous Flames,unknown,unknown
Denzel Curry,punk rap,Pop/Rock
Kraak & Smaak,nu disco,unknown
Mueka,trap latino,Urban
Pedro Capó,latin pop,Pop/Rock
Geto Boys,southern hip hop,Urban
Big Mountain,reggae,unknown
Dr. Hook,unknown,unknown
SoulChef,jazz rap,Urban
Live,post-grunge,Pop/Rock
Los Leyenda Valdés,cumbia,Regional
Sech,reggaeton,Urban
Yo Gotti,memphis rap,Urban
Whethan,unknown,unknown
Pregnant Boy,unknown,unknown
Jonathan Ansell,unknown,unknown
Nohidea,lo-fi,unknown
Scott Walker,baroque pop,Pop/Rock
Joni Mitchell,folk,Otros
Sarah McLachlan,unknown,unknown
JID,unknown,unknown
Buknas De Culiacan,corrido,unknown
MC's Zaac,funk,Otros
Fools Garden,unknown,unknown
KHEA,argentine trap,Urban
Fran Argiro,unknown,unknown
lilac frog,unknown,unknown
Carlitos Rossy,reggaeton,Urban
System Of A Down,nu metal,unknown
Don McLean,unknown,unknown
Ditter,unknown,unknown
London Voices,unknown,unknown
The Whitest Boy Alive,unknown,unknown
The Staple Singers,soul,Otros
Kelly Valleau,unknown,unknown
The Aristocrats,jazz fusion,Otros
The Script,unknown,unknown
Carlos Gardel,tango,Regional
L.A. Guns,glam metal,unknown
Michelle Pfeiffer,musicals,unknown
Pyotr Ilyich Tchaikovsky,classical,Otros
GAYLE,unknown,unknown
Tom Petty,classic rock,Pop/Rock
BØRNS,unknown,unknown
Michael Amani,unknown,unknown
Carlos Baute,latin pop,Pop/Rock
Brother Strut,jazz funk,Otros
Residente,latin hip hop,Urban
Maria Becerra,argentine trap,Urban
SR,uk drill,Urban
Damian Oliver,unknown,unknown
Perotá Chingó,latin folk,Regional
DMX,east coast hip hop,Urban
Drew Seeley,unknown,unknown
Justin Quiles,reggaeton,Urban
Accept,heavy metal,unknown
Gipsy Kings,flamenco,unknown
Don Patricio,unknown,unknown
elinex,unknown,unknown
M|O|O|N,synthwave,Electronica
Bacilos,colombian pop,Pop/Rock
The Magic Gang,unknown,unknown
Phillip Phillips,folk pop,Pop/Rock
Serengeti,experimental hip hop,Urban
MARINA,unknown,unknown
Cyndi Lauper,unknown,unknown
León Gieco,argentine rock,Pop/Rock
CORBAL,unknown,unknown
Rag'n'Bone Man,unknown,unknown
La Máquina Disco,unknown,unknown
Tundra Beats,lo-fi beats,unknown
Syd Barrett,psychedelic rock,Pop/Rock
Onur Atli,unknown,unknown
Mercedes Sosa,trova,unknown
Fms Arg,unknown,unknown
Vox Dei,argentine rock,Pop/Rock
Busta Rhymes,east coast hip hop,Urban
Billy Boyd,unknown,unknown
Minutemen,post-punk,Pop/Rock
Ayo & Teo,unknown,unknown
DJMashup,unknown,unknown
LOAN,unknown,unknown
Peabo Bryson,quiet storm,unknown
Edwin Starr,northern soul,Otros
Don Toliver,unknown,unknown
Keith Jarrett,jazz,Otros
Benny Golson,hard bop,unknown
Fifth Harmony,unknown,unknown
Fella,slap house,Electronica
Cardi B,unknown,unknown
Liam Payne,unknown,unknown
The Frondeurs,space rock,Pop/Rock
Cheap Trick,power pop,Pop/Rock
Joji,unknown,unknown
Rodney Atkins,country,Otros
Sports,unknown,unknown
Sharon Jones & The Dap-Kings,retro soul,Otros
Lee Fields & The Expressions,retro soul,Otros
The Avalanches,unknown,unknown
Heart,classic rock,Pop/Rock
Baby Rasta & Gringo,,unknown
Juan Gabriel,mariachi,unknown
Starley,unknown,unknown
Wings,unknown,unknown
Saxon,heavy metal,unknown
David Ryan Harris,unknown,unknown
Sammy & Falsetto,reggaeton,Urban
Aluna,unknown,unknown
Chapa C,reggaeton,Urban
Wham!,christmas,unknown
Johnny Maestro & Brooklyn Bridge,doo-wop,unknown
BROCKHAMPTON,unknown,unknown
John Lee Hooker,blues,Otros
Bandalos Chinos,latin indie,Pop/Rock
Phantogram,unknown,unknown
El Kuelgue,argentine rock,Pop/Rock
Joe Jackson,new wave,Pop/Rock
Miranda Cosgrove,unknown,unknown
Alex Aster,unknown,unknown
Pop Star,unknown,unknown
B.B. King,blues,Otros
Loi,unknown,unknown
Hampton Hawes Trio,hard bop,unknown
Klangkarussell,unknown,unknown
Unknown Mortal Orchestra,psychedelic pop,Pop/Rock
Rainbow,hard rock,Pop/Rock
Kota the Friend,unknown,unknown
Ricky Montgomery,unknown,unknown
Ron Grainer,unknown,unknown
John Mellencamp,classic rock,Pop/Rock
Tujamo,unknown,unknown
Naughty Boy,unknown,unknown
Jethro Tull,progressive rock,Pop/Rock
Mitski,unknown,unknown
The Fanatics,unknown,unknown
Los Amigos Invisibles,rock en español,Pop/Rock
Theo Katzman,retro soul,Otros
Feid,reggaeton,Urban
The Zutons,unknown,unknown
Yann Tiersen,unknown,unknown
MC L da Vinte,funk de bh,Otros
La Champions Liga,cumbia,Regional
Oscu,argentine trap,Urban
Tomi DJ,rkt,unknown
 VK Blanka,,unknown
Hozier,unknown,unknown
Vangelis,new age,unknown
Richard M. Sherman,unknown,unknown
El Polaco,cumbia,Regional
Imanbek,slap house,Electronica
Anita Ward,disco,unknown
Pentatonix,christmas,unknown
Victoria Beckham,uk garage,unknown
Troye Sivan,unknown,unknown
Boz Scaggs,album rock,Pop/Rock
Willie Nelson,country,Otros
PANKIDZ,hypertechno,Electronica
Poylow,slap house,Electronica
bbno$,meme rap,Urban
Manu Chao,latin alternative,Pop/Rock
Michael Bublé,christmas,unknown
Mick Jenkins,jazz rap,Urban
Jack Stauber's Micropop,unknown,unknown
Charli XCX,,unknown
Diana Ross,motown,unknown
Bassnectar,dubstep,unknown
Deyco,unknown,unknown
Manuel Wirzt,argentine rock,Pop/Rock
James Gang,classic rock,Pop/Rock
Michael Schenker Group,hard rock,Pop/Rock
Corbin Bleu,unknown,unknown
Gym Class Heroes,unknown,unknown
MC G15,funk,Otros
Free,classic rock,Pop/Rock
Ziggy Marley & The Melody Makers,reggae,unknown
1915,latin indie,Pop/Rock
Weste,latin indie,Pop/Rock
Milo j,argentine trap,Urban
Rick and Morty,unknown,unknown
TOBACCO,experimental hip hop,Urban
Julieta Venegas,latin pop,Pop/Rock
Stevie Nicks,unknown,unknown
Mumford & Sons,folk,Otros
La Nueva Luna,cumbia,Regional
Michael Brecker,jazz,Otros
98º,unknown,unknown
Robin Williams,comedy,unknown
Guasones,argentine rock,Pop/Rock
John Popper & The Duskray Troubadours,classic blues,Otros
Pantera,groove metal,unknown
ASKØ,unknown,unknown
Jorge Drexler,trova,unknown
Omara Portuondo,son cubano,unknown
Ty Dolla $ign,unknown,unknown
Joseph Trapanese,soundtrack,unknown
Simple Minds,new wave,Pop/Rock
Trinix,unknown,unknown
Callejero Fino,rkt,unknown
Edmundo Rivero,tango,Regional
Heatwave,disco,unknown
Raquel Rodriguez,neo soul,Otros
Jewel,unknown,unknown
Traveling Wilburys,unknown,unknown
Reggaeton Latino,reggaeton,Urban
Erroll Garner,jazz,Otros
BURNS,unknown,unknown
Psirico,pagode baiano,unknown
Ludwig Göransson,soundtrack,unknown
Gusttavo Lima,sertanejo,unknown
Chiqui Chiquititos,unknown,unknown
Crewrod,latin alternative,Pop/Rock
D'Angelo,neo soul,Otros
Leila Martin,christmas,unknown
Gesaffelstein,unknown,unknown
Mesita,rkt,unknown
Jonas Brothers,unknown,unknown
MadeinTYO,unknown,unknown
JESSIA,unknown,unknown
疗愈音律,unknown,unknown
Chick Corea Elektric Band,jazz fusion,Otros
Carly Rae Jepsen,unknown,unknown
Kodak Black,unknown,unknown
Justo Antes de la Guerra con los Esquimales,latin indie,Pop/Rock
Triple M,future house,Electronica
Iggy Pop,proto-punk,Pop/Rock
Lil Boom,meme rap,Urban
Lauv,unknown,unknown
Lé Mon,lo-fi beats,unknown
jxdn,pop punk,Pop/Rock
"Spinetta, García, Ferrón",argentine rock,Pop/Rock
Marcianos Crew,argentine trap,Urban
Samuel Kim,anime,Otros
dodie,unknown,unknown
Powfu,unknown,unknown
Shakka,unknown,unknown
Curren$y,southern hip hop,Urban
Romantic Restaurant Music Crew,unknown,unknown
La Ley,rock en español,Pop/Rock
BB ASUL,neoperreo,unknown
zzoilo,latin pop,Pop/Rock
Corona,eurodance,unknown
Kungs,unknown,unknown
DJ Pirata,guaracha,unknown
Jerry Lee Lewis,rockabilly,Pop/Rock
Bobby Timmons Trio,hard bop,unknown
Mayer Hawthorne,retro soul,Otros
Toquinho,bossa nova,unknown
Cordae,unknown,unknown
Phonk Beats,brazilian phonk,unknown
Tanja Thomas,unknown,unknown
Giorgio Gee,slap house,Electronica
benny blanco,unknown,unknown
Olivia Rodrigo,unknown,unknown
Guru,jazz rap,Urban
Juan Quin y Dago,cumbia,Regional
Bitman & Roban,latin indie,Pop/Rock
Thom Yorke,unknown,unknown
ACRU,latin hip hop,Urban
Noname,alternative r&b,Pop/Rock
Caroline Smith,unknown,unknown
Aviões do Forró,forró,unknown
The TV Theme Players,unknown,unknown
Rob Scallon,math rock,Pop/Rock
Brytiago,trap latino,Urban
Enur,unknown,unknown
Elvis Costello & The Attractions,new wave,Pop/Rock
KOVA,unknown,unknown
Terrace Martin Presents The Pollyseeds,nu jazz,Otros
Bahari,nightcore,unknown
Jungle Fire,latin afrobeat,Urban
AmaLee,anime,Otros
Pusho,reggaeton,Urban
America,soft rock,Pop/Rock
Pandaraps,unknown,unknown
girl in red,bedroom pop,Pop/Rock
Brooksie,unknown,unknown
Uppermost,french house,Electronica
George Ezra,unknown,unknown
$uicideboy$,dark trap,Urban
DJ Jazzy Jeff & The Fresh Prince,unknown,unknown
Brusco,unknown,unknown
Iyaz,unknown,unknown
Agust1n,argentine trap,Urban
Akapellah,latin hip hop,Urban
Roosevelt,nu disco,unknown
iNi Kamoze,reggae,unknown
Stromae,french pop,Pop/Rock
Kidsongs,christmas,unknown
Martin Landh,unknown,unknown
Skegss,surf rock,Pop/Rock
Dani Ribba,argentine trap,Urban
Tank,r&b,Urban
Bass Boosted HD,bass music,unknown
Bananarama,hi-nrg,unknown
Yokomeshi,lo-fi,unknown
Marimba Man,unknown,unknown
P!nk,unknown,unknown
Los Caligaris,ska,unknown
Hr. Troels,unknown,unknown
The Mamas & The Papas,folk rock,Pop/Rock
Owl City,unknown,unknown
Cinemascore Ensemble of Pasadena,unknown,unknown
Carpenters,christmas,unknown
Velvet Revolver,grunge,Pop/Rock
Madison Beer,unknown,unknown
blink-182,pop punk,Pop/Rock
Emus DJ,cumbia,Regional
George Wilkins,unknown,unknown
Queen Latifah,musicals,unknown
Delano,funk,Otros
Molotov,rock en español,Pop/Rock
Liquid Tension Experiment,progressive metal,unknown
Chris de Burgh,soft rock,Pop/Rock
Yaviah,reggaeton,Urban
Julianne Hough,musicals,unknown
Alemán,mexican hip hop,Urban
London Symphony Orchestra,classical,Otros
Supermerk2,cumbia,Regional
Refused,hardcore punk,Pop/Rock
Fleur East,unknown,unknown
DJ Kessler,unknown,unknown
Whitney Houston,unknown,unknown
Ashnikko,unknown,unknown
Lin-Manuel Miranda,musicals,unknown
Amenazzy,trap latino,Urban
Carly Simon,unknown,unknown
Dog's Eye View,unknown,unknown
Nico Servidio DJ,turreo,unknown
Grupo Verzace,merengue,unknown
Natalie Cole,quiet storm,unknown
Majestic,unknown,unknown
DRAM,unknown,unknown
Cris Mj,reggaeton chileno,Urban
Midel,argentine trap,Urban
Sofia Mills,unknown,unknown
Eitan Masuri,unknown,unknown
Loren,argentine trap,Urban
Corta La Bocha,cumbia,Regional
Alexio,reggaeton,Urban
Ruben Rada,unknown,unknown
H.E.R.,r&b,Urban
The Forty Licks,unknown,unknown
Florence + The Machine,baroque pop,Pop/Rock
Fran Sfeir,unknown,unknown
Dalila,cumbia,Regional
Hugo Del Carril,tango,Regional
Andrea Álvarez,argentine rock,Pop/Rock
James Arthur,soft pop,Pop/Rock
John Wasson,jazz,Otros
Sungazer,jazz fusion,Otros
Edward Sharpe & The Magnetic Zeros,unknown,unknown
Warrant,glam metal,unknown
Moby,downtempo,unknown
Extreme,glam metal,unknown
Moneybagg Yo,memphis rap,Urban
Migrantes,cumbia,Regional
Luis Salinas,folklore argentino,Otros
Young Money,unknown,unknown
Leony,unknown,unknown
Les Rythmes Digitales,big beat,unknown
The Treblemakers,unknown,unknown
Nu Shooz,freestyle,unknown
Krister & Dalbani,lounge,unknown
Aaron Tveit,musicals,unknown
Billy Marchiafava,meme rap,Urban
Pond,psychedelic rock,Pop/Rock
Edith Whiskers,unknown,unknown
Papacho Mc Caco,,unknown
Glaceo,unknown,unknown
Skylar Grey,unknown,unknown
Gusty dj,rkt,unknown
"Crosby, Stills & Nash",folk rock,Pop/Rock
Pi’erre Bourne,melodic rap,Urban
Bow Wow,r&b,Urban
LIUFO,slap house,Electronica
The Bamboos,jazz blues,Otros
THE ANXIETY,unknown,unknown
Frankie Valli,unknown,unknown
Woody and Jeremy,unknown,unknown
Welinton Quiw,unknown,unknown
The Roots,east coast hip hop,Urban
The Jon Spencer Blues Explosion,garage rock,Pop/Rock
j^p^n,lo-fi,unknown
Arz,uk drill,Urban
keloqz,unknown,unknown
Estrategas,cumbia,Regional
Francine Gaétane,unknown,unknown
Wheatus,unknown,unknown
Meek Mill,rap,Urban
Jowell & Randy,reggaeton,Urban
The Herbaliser,trip hop,unknown
Meredith Brooks,unknown,unknown
Sleepy Hallow,brooklyn drill,Urban
Anthony Gonzalez,unknown,unknown
Bodeans,roots rock,Pop/Rock
Pablo Chill-E,chilean trap,Urban
Dualities,unknown,unknown
Tinlicker,melodic house,Electronica
Alien Ant Farm,nu metal,unknown
SUPER JUNIOR,k-pop,Pop/Rock
Poppy,unknown,unknown
Young Bull,west coast hip hop,Urban
Kiddo Toto,argentine trap,Urban
Alex Sensation,reggaeton,Urban
Jason Weaver,unknown,unknown
Roz Ryan,unknown,unknown
Topo Gigio,lullaby,unknown
Key Glock,memphis rap,Urban
The Dear Hunter,progressive rock,Pop/Rock
Eruca Sativa,argentine rock,Pop/Rock
William DeVaughn,philly soul,Otros
Kids R Us Band,unknown,unknown
Aquelarre,argentine rock,Pop/Rock
Pop Smoke,brooklyn drill,Urban
FEL!X,slap house,Electronica
Mura Masa,unknown,unknown
Junior Senior,unknown,unknown
Ludovico Einaudi,neoclassical,Otros
Nine Sparks Riots,jazz funk,Otros
Bazzi,unknown,unknown
Violent Femmes,folk punk,Pop/Rock
Percy Sledge,motown,unknown
Ovy On The Drums,reggaeton,Urban
Cut Chemist,trip hop,unknown
Ten Years After,blues rock,Pop/Rock
Lynde,jazz beats,Otros
Perro Primo,rkt,unknown
Ricardo Arjona,latin pop,Pop/Rock
The Pb Underground,unknown,unknown
The Unauthorized Bash Brothers Experience,comedy,unknown
Cypress Hill,west coast hip hop,Urban
J. Cole,rap,Urban
The Winery Dogs,hard rock,Pop/Rock
The Beach Boys,baroque pop,Pop/Rock
Wang Chung,new wave,Pop/Rock
Delta Heavy,drum and bass,unknown
La Mona Jimenez,cuarteto,unknown
DJ Seba Vallejos,rkt,unknown
BØJET,lo-fi,unknown
Peter Gregson,neoclassical,Otros
Blinded Hearts,unknown,unknown
Prefab Sprout,unknown,unknown
Relaxation Jazz Academy,cool jazz,Otros
M2H,unknown,unknown
Yo.Soy.Rey,latin hip hop,Urban
The Dead Daisies,hard rock,Pop/Rock
V.I.C,unknown,unknown
Harold Melvin & The Blue Notes,philly soul,Otros
Cazzu,argentine trap,Urban
Cal Tjader,latin jazz,Regional
Felly,unknown,unknown
Uriah Heep,progressive rock,Pop/Rock
Labi Siffre,unknown,unknown
Juni Tinley,unknown,unknown
Barry Manilow,adult standards,unknown
j mena,cuarteto,unknown
DVRST,phonk,unknown
Styx,classic rock,Pop/Rock
Clearside,unknown,unknown
Blood Brothers,gabber,unknown
Mike Bahía,colombian pop,Pop/Rock
Pecun,lo-fi beats,unknown
Trio America,bolero,unknown
Sixpence None The Richer,unknown,unknown
Parcels,unknown,unknown
Handbook,lo-fi beats,unknown
The Cab,unknown,unknown
Ke Personajes,cumbia,Regional
Mikel,lo-fi,unknown
Josefus,acid rock,Pop/Rock
Liquid Liquid,post-punk,Pop/Rock
Jidanofu,drift phonk,unknown
Will Smith,unknown,unknown
Fujitsu,lo-fi beats,unknown
Yves V,slap house,Electronica
Music Falcon,unknown,unknown
Marilina Bertoldi,argentine rock,Pop/Rock
Los Korucos,ska,unknown
David Gilmour,progressive rock,Pop/Rock
Maxwell,neo soul,Otros
Juan Magán,reggaeton,Urban
Abel Pintos,folklore argentino,Otros
S3BZS,phonk,unknown
Daniel Powter,unknown,unknown
Jóvenes Pordioseros,argentine rock,Pop/Rock
21 Savage,unknown,unknown
Want to Want Me,unknown,unknown
Shaggy,reggae,unknown
Danny Elfman,soundtrack,unknown
Wynton Marsalis Septet,unknown,unknown
Céline Dion,variété française,unknown
Ventino,colombian pop,Pop/Rock
Stealers Wheel,unknown,unknown
Jalen McMillan,unknown,unknown
Frank Zappa,progressive rock,Pop/Rock
Jessie J,unknown,unknown
Mambo DJ,rkt,unknown
Yami Safdie,unknown,unknown
Lunay,reggaeton,Urban
Lindsey Buckingham,unknown,unknown
Adam Hicks,unknown,unknown
Josh Richards,unknown,unknown
MKTO,unknown,unknown
Taio Cruz,unknown,unknown
Lofi.Lavito,unknown,unknown
Robert Palmer,unknown,unknown
Isaiah Rashad,unknown,unknown
Dan Hartman,disco,unknown
Sammy Hagar,glam metal,unknown
AX 13,cumbia,Regional
Jesse McCartney,unknown,unknown
Glen Campbell,unknown,unknown
The Jam,punk,Pop/Rock
Snakehips,unknown,unknown
Nine Inch Nails,industrial rock,Pop/Rock
La Sonora Yarana,unknown,unknown
Steve Aoki,electro house,Electronica
The Edgar Winter Group,classic rock,Pop/Rock
Gabriel Allende,mariachi,unknown
Paco de Lucía,flamenco,unknown
Pedro Bromfman,unknown,unknown
Maria Bethânia,mpb,unknown
Laura Dreyfuss,musicals,unknown
CAKE,alternative rock,Pop/Rock
La Renga,argentine rock,Pop/Rock
Colbie Caillat,unknown,unknown
Nathan East,smooth jazz,Otros
Avishai Cohen,jazz,Otros
Young the Giant,unknown,unknown
Home,vaporwave,unknown
Miguel,r&b,Urban
Paku YK,unknown,unknown
KALUMA,unknown,unknown
your best friend jippy,unknown,unknown
Jorja Smith,unknown,unknown
Swell,unknown,unknown
The Revivalists,unknown,unknown
Love Regenerator,unknown,unknown
King Gizzard & The Lizard Wizard,psychedelic rock,Pop/Rock
Deorro,melbourne bounce,unknown
Samsa,unknown,unknown
Cantando con Adriana,lullaby,unknown
COIN,unknown,unknown
Ray J,unknown,unknown
Florian Picasso,future house,Electronica
NF,christian hip hop,Urban
Prince Royce,bachata,Regional
Sarah Vaughan,vocal jazz,Otros
Stephen,unknown,unknown
Abraham Mateo,unknown,unknown
Steve ´n´ Seagulls,bluegrass,unknown
Alan Silvestri,soundtrack,unknown
G3oboy,unknown,unknown
Rei,argentine trap,Urban
Terry Riley,minimalism,unknown
Yao Cabrera,unknown,unknown
Owane,djent,unknown
Mike Perry,tropical house,Electronica
Missy Elliott,hip hop,Urban
Zoé,rock en español,Pop/Rock
Reponix,unknown,unknown
Blown Speakers,jazz beats,Otros
St Germain,jazz house,Electronica
Lil Memer,meme rap,Urban
Baby Keem,unknown,unknown
Donny Hathaway,soul,Otros
Gordon Goodwin's Big Phat Band,big band,unknown
Soul Asylum,alternative rock,Pop/Rock
Jay Hardway,big room,unknown
Chandler Leighton,melodic bass,unknown
Luciano Pavarotti,opera,Otros
Dimitri Vegas,unknown,unknown
Estelle,unknown,unknown
Petit Biscuit,unknown,unknown
salem ilese,unknown,unknown
2Hounds,hypertechno,Electronica
TINI,latin pop,Pop/Rock
Wisin,reggaeton,Urban
The Dip,retro soul,Otros
Billy Ray Cyrus feat. Miley Cyrus,unknown,unknown
Mala Fama,cumbia,Regional
Gustavo Santaolalla,soundtrack,unknown
Slavik Pogosov,unknown,unknown
Jackson Browne,folk rock,Pop/Rock
The Drifters,doo-wop,unknown
Arcade Player,unknown,unknown
Robert Glasper,neo soul,Otros
A-Wall,bedroom pop,Pop/Rock
Dovydas,unknown,unknown
Huntingtons,punk,Pop/Rock
Basement Jaxx,big beat,unknown
The Cardigans,unknown,unknown
Elenco de Soy Luna,unknown,unknown
Lost Frequencies,tropical house,Electronica
De La Calle,cumbia,Regional
Talk Talk,new wave,Pop/Rock
Anne Hathaway,musicals,unknown
Katherine Jenkins,opera,Otros
Lamar Azul,jazz rap,Urban
Patrick Carney,unknown,unknown
Party Pupils,unknown,unknown
Smokey Robinson & The Miracles,motown,unknown
Ace Frehley,glam metal,unknown
Billy Ocean,unknown,unknown
Duko,argentine trap,Urban
Eli Almic,latin hip hop,Urban
Tones And I,unknown,unknown
N.E.R.D,unknown,unknown
La Reserva,cumbia,Regional
Indio Solari,argentine rock,Pop/Rock
Britt Lari,tropical house,Electronica
Death Cab for Cutie,unknown,unknown
Primus,funk rock,Pop/Rock
Crumb,psychedelic pop,Pop/Rock
Davus,unknown,unknown
Boza,reggaeton,Urban
Fitz and The Tantrums,unknown,unknown
Smoodmood,jazz beats,Otros
Dei V,trap latino,Urban
T. Rex,glam rock,Pop/Rock
Kesha,unknown,unknown
John Legend,soft pop,Pop/Rock
HM Surf,lo-fi,unknown
The Velvet Underground,proto-punk,Pop/Rock
Cami,latin pop,Pop/Rock
Mychael Danna,soundtrack,unknown
Danna Paola,unknown,unknown
Mick Jagger,unknown,unknown
Dynel,unknown,unknown
Edoardo Bennato,italian singer-songwriter,unknown
Astrud Gilberto,bossa nova,unknown
Bruses,unknown,unknown
Jimmy Somerville,hi-nrg,unknown
MC Bruninho,brega funk,Otros
Arem Ozguc,turkish pop,Pop/Rock
James Hype,house,Electronica
Roddy Ricch,melodic rap,Urban
Leon Bridges,retro soul,Otros
The FifthGuys,unknown,unknown
Mak Donal,cumbia,Regional
Feeder,britpop,Pop/Rock
The Specials,ska,unknown
DJ Luian,reggaeton,Urban
Supergrass,britpop,Pop/Rock
The Big Bopper,rockabilly,Pop/Rock
Self,unknown,unknown
Buffalo Springfield,folk rock,Pop/Rock
Pariisin Kevät,finnish pop,Pop/Rock
Johann Pachelbel,unknown,unknown
Sergio Mendes & Brasil '66,bossa nova,unknown
Sir Mix-A-Lot,unknown,unknown
Enero,cumbia,Regional
Swimming Paul,stutter house,Electronica
Skay Beilinson,argentine rock,Pop/Rock
Tom Odell,unknown,unknown
TOPS,unknown,unknown
Cameron Diaz,unknown,unknown
Maurice Ravel,classical,Otros
XXXTENTACION,emo rap,Pop/Rock
HAWK.,slap house,Electronica
Nacho,reggaeton,Urban
The Growlers,surf rock,Pop/Rock
DrefQuila,chilean trap,Urban
Trevor Daniel,unknown,unknown
Sam Smith,soft pop,Pop/Rock
L-Gante,rkt,unknown
St. Paul & The Broken Bones,retro soul,Otros
Goran Bregović,unknown,unknown
Faces,glam rock,Pop/Rock
Sister Hazel,unknown,unknown
Limp Bizkit,nu metal,unknown
Harry Nach,chilean trap,Urban
Sin Ensayo,cumbia,Regional
Ron Gallo,garage rock,Pop/Rock
Pueblo Cafe,latin hip hop,Urban
Hoodie Allen,unknown,unknown
Big Sean,unknown,unknown
Carolyn Wonderland,blues,Otros
BAMBI,unknown,unknown
Yera,colombian pop,Pop/Rock
Angel Ceremony,unknown,unknown
Thompson Twins,new wave,Pop/Rock
Danny Berrios,christian,unknown
"Pekeño 77, Cazzu, Neo Pistea, C.R.O, Bhavi, Homer El Mero Mero, Ruben Rada",unknown,unknown
Jonathan Richman,proto-punk,Pop/Rock
Los Gardelitos,argentine rock,Pop/Rock
Phoebe Katis,unknown,unknown
Emmanuel Horvilleur,argentine rock,Pop/Rock
Bruno Coulais,unknown,unknown
James Blunt,unknown,unknown
Papichamp,rkt,unknown
Alok,brazilian bass,unknown
Focus,progressive rock,Pop/Rock
Us3,acid jazz,Electronica
La Factoria,reggaeton,Urban
Raymix,cumbia sonidera,Regional
Chill Hip-Hop Beats,lo-fi,unknown
United Artists,unknown,unknown
Agus Padilla,argentine trap,Urban
Sage The Gemini,hyphy,unknown
Indigga,unknown,unknown
Mike + The Mechanics,soft rock,Pop/Rock
G-POL,future house,Electronica
"Grover Washington, Jr.",soul jazz,Otros
Canto 4,folklore argentino,Otros
CKay,afrobeats,Urban
Kardinal Offishall,unknown,unknown
Linval Thompson,roots reggae,unknown
Alex Army Aiono,unknown,unknown
Hello Moonlight,unknown,unknown
DayBright,unknown,unknown
Material,post-disco,unknown
Hombres G,rock en español,Pop/Rock
half•alive,unknown,unknown
Sandra Mihanovich,argentine rock,Pop/Rock
ArrDee,uk drill,Urban
MASN,unknown,unknown
Busty and the Bass,retro soul,Otros
Hercules & Love Affair,unknown,unknown
Mellow dive,lo-fi beats,unknown
Lea Michele,musicals,unknown
Gio Pika,unknown,unknown
Nathanael Lloyd,unknown,unknown
Migos,trap,Urban
Celeste,unknown,unknown
lolet,unknown,unknown
Various Artists,champeta,unknown
Stephen Barton,soundtrack,unknown
Dean Martin,christmas,unknown
Dance Gavin Dance,post-hardcore,unknown
Måneskin,unknown,unknown
Danny Paz,unknown,unknown
Mujo,lo-fi,unknown
Tomy DJ,rkt,unknown
Luca Bocci,latin indie,Pop/Rock
Emily Rubye,unknown,unknown
Bad Company,classic rock,Pop/Rock
Big Time Boys,unknown,unknown
The Fleetwoods,doo-wop,unknown
Freddie Mercury,unknown,unknown
Naeleck,electro house,Electronica
Tirri La Roca,rkt,unknown
Natiruts,reggae,unknown
ONEIL,slap house,Electronica
Relaxing Music Jazz Universe,cool jazz,Otros
Mariana Cincunegui,unknown,unknown
Waka Flocka Flame,unknown,unknown
Sofía Reyes,latin pop,Pop/Rock
Alex Gargolas,reggaeton,Urban
Billie Holiday,jazz,Otros
Yandel,reggaeton,Urban
Laidback Luke,big room,unknown
London Philharmonic Orchestra,classical,Otros
Avril Lavigne,unknown,unknown
Sam Greenfield,jazz funk,Otros
PARTYNEXTDOOR,r&b,Urban
The Rebirth,acid jazz,Electronica
Brian Wider,unknown,unknown
Cuco,bedroom pop,Pop/Rock
Quevedo,unknown,unknown
Phoenix,indie,Pop/Rock
Maggie Lindemann,unknown,unknown
Crystal Waters,unknown,unknown
Congreso,nueva trova,unknown
Marin Hoxha,drift phonk,unknown
Jim Morrison,spoken word,unknown
MAZLIK,slap house,Electronica
Robin Thicke,unknown,unknown
Rich Brian,unknown,unknown
Polimá Westcoast,chilean trap,Urban
Magnus Uggla,swedish ballads,unknown
AREA21,unknown,unknown
Air Supply,soft rock,Pop/Rock
Pink Floyd Redux,unknown,unknown
Demi Lovato,unknown,unknown
HYPHN,slap house,Electronica
NOTSOBAD,slap house,Electronica
Kid Rock,unknown,unknown
Googie Rene,unknown,unknown
Seinabo Sey,tropical house,Electronica
Caleb and Kelsey,worship,unknown
Eyedress,unknown,unknown
Molly Hatchet,southern rock,Pop/Rock
Morrissey,britpop,Pop/Rock
P.U.L.P.O,argentine rock,Pop/Rock
Los Pamperos,bolero,unknown
Belly,unknown,unknown
Taburete,unknown,unknown
Sean Kingston,unknown,unknown
Solange,alternative r&b,Pop/Rock
Metro Boomin,unknown,unknown
Pase Libre,cumbia,Regional
Orishas,latin hip hop,Urban
Myke Towers,reggaeton,Urban
Cameo Culture,unknown,unknown
Seguridad Social,rock en español,Pop/Rock
Angel Canales,salsa,unknown
Claude Bolling,ragtime,unknown
Jacksepticeye,unknown,unknown
Londonbeat,eurodance,unknown
Traffic,acid rock,Pop/Rock
John Frusciante,unknown,unknown
Mula B,unknown,unknown
Mike WiLL Made-It,unknown,unknown
Flies on the Square Egg,unknown,unknown
Scott Standley,unknown,unknown
Victoria Justice,unknown,unknown
Fernsehserien,unknown,unknown
Barbarita Palacios,folklore argentino,Otros
Los Pequeños Diablos,lullaby,unknown
The Bellas,unknown,unknown
Sam Feldt,tropical house,Electronica
Durand Jones & The Indications,retro soul,Otros
The Crystals,doo-wop,unknown
Iron Butterfly,acid rock,Pop/Rock
Gael Garcia Bernal,unknown,unknown
Dr. Fresch,g-house,Electronica
Yngwie Malmsteen,neoclassical,Otros
Mawi,cumbia,Regional
Cochi e Renato,italian singer-songwriter,unknown
Hakka Mix,unknown,unknown
BM,rkt,unknown
MILIKI,lullaby,unknown
El Bordo,argentine rock,Pop/Rock
Los Nocheros,folklore argentino,Otros
Travis,britpop,Pop/Rock
The Cinematic Orchestra,nu jazz,Otros
Neon Trees,unknown,unknown
Split Enz,new wave,Pop/Rock
turabisu,unknown,unknown
MOTi,big room,unknown
Elis Regina,mpb,unknown
Eddie Vedder,acoustic rock,Pop/Rock
Tokyo Ska Paradise Orchestra,ska,unknown
Bryant Myers,trap latino,Urban
Eleven Fly,unknown,unknown
Río Roma,latin pop,Pop/Rock
La Montra,dembow,unknown
James Tucker,unknown,unknown
D.O.D,unknown,unknown
Mark Lettieri,jazz fusion,Otros
Hypaton,unknown,unknown
Bruno LC,rkt,unknown
DJ JMP,unknown,unknown
Atomic Otro Way,dembow,unknown
Nas,east coast hip hop,Urban
!!!,alternative dance,Pop/Rock
Gloria Estefan,unknown,unknown
Little River Band,soft rock,Pop/Rock
Daniel Caesar,unknown,unknown
Olivia for Now,unknown,unknown
Catbamboo,math rock,Pop/Rock
CZARFACE,unknown,unknown
Forever Came Calling,pop punk,Pop/Rock
Miúcha,bossa nova,unknown
Incognito,acid jazz,Electronica
DVBBS,edm,Electronica
Soledad,folklore argentino,Otros
Enrique Santos Discépolo,tango,Regional
Ñejo & Dalmata,reggaeton,Urban
mxmtoon,bedroom pop,Pop/Rock
Fother Muckers,latin indie,Pop/Rock
Montell Jordan,new jack swing,unknown
Silver Maple,unknown,unknown
Oscar Aleman,swing music,unknown
Jaeden Camstra,lo-fi,unknown
Grace Potter,unknown,unknown
Jon & Vangelis,symphonic rock,Pop/Rock
Disclosure,house,Electronica
Stephen Rennicks,soundtrack,unknown
Pedro Infante,mariachi,unknown
Hank Levy,jazz,Otros
Highup,unknown,unknown
HAIM,unknown,unknown
Alllittup,unknown,unknown
Kochetkovv,unknown,unknown
Joy Again,unknown,unknown
Alberto Pedraza,cumbia sonidera,Regional
Aaron Taylor,neo soul,Otros
Gigolo Y La Exce,trap latino,Urban
Gaby,merengue,unknown
Thelonious Monk,jazz,Otros
Tim_burgandy,unknown,unknown
Dave Winnel,tech house,Electronica
VGR,unknown,unknown
LUX,unknown,unknown
Jon Lajoie,comedy,unknown
Iacho,argentine trap,Urban
Lito Vitale,argentine rock,Pop/Rock
Puppet Master,unknown,unknown
Jeremy Soule,medieval,unknown
Master Q Karaoke,unknown,unknown
Olivia Newton-John,unknown,unknown
Dennis Edwards,motown,unknown
Doris Day,adult standards,unknown
Stellar,unknown,unknown
Alan Parsons,progressive rock,Pop/Rock
Rufus & Chaka Khan,funk,Otros
TwoWorldsApart,unknown,unknown
Astro,slap house,Electronica
Galantis,unknown,unknown
Chon,math rock,Pop/Rock
Alvaro Soler,unknown,unknown
Young Tender,mexican indie,Pop/Rock
Bass Mekanik,bass music,unknown
Randy Crawford,unknown,unknown
Lennon Stella,unknown,unknown
Of Monsters and Men,folk pop,Pop/Rock
10cc,art rock,Pop/Rock
The Warning,unknown,unknown
MEDUZA,unknown,unknown
Anyma,melodic techno,Electronica
Ólafur Arnalds,neoclassical,Otros
Galt MacDermot,unknown,unknown
John Scofield,jazz fusion,Otros
Niklas Dee,hypertechno,Electronica
Toro y Moi,chillwave,unknown
Axel Caram,rkt,unknown
Ernesto Molina,mariachi,unknown
Domenico Modugno,italian singer-songwriter,unknown
French Montana,unknown,unknown
The Rounder Girls,unknown,unknown
MrRevillz,slap house,Electronica
Nelly,unknown,unknown
Latto,unknown,unknown
Foals,indie,Pop/Rock
Riton,house,Electronica
Oliver Heldens,future house,Electronica
The Trammps,disco,unknown
André Rieu,classical,Otros
Adult Swim Smalls,unknown,unknown
Death,death metal,unknown
Edwyn Collins,britpop,Pop/Rock
Apparat,idm,unknown
Lanza Internacional,latin rock,Pop/Rock
Seven Kayne,argentine trap,Urban
Marillion,progressive rock,Pop/Rock
The OneUps,unknown,unknown
Bas,unknown,unknown
EL NOBA,rkt,unknown
Ellie Goulding,unknown,unknown
Julia Sheer,unknown,unknown
New Orleans Jazz Band,big band,unknown
Julian Lennon,unknown,unknown
"Wise ""the Gold Pen""",reggaeton,Urban
Javiielo,rkt,unknown
The Black Crowes,southern rock,Pop/Rock
Los Pibes Chorros,cumbia,Regional
Jan Erik Noske,unknown,unknown
Roy Hargrove,jazz,Otros
Magic & music orchestra,unknown,unknown
Stitches,unknown,unknown
Anuel AA,reggaeton,Urban
Jet,unknown,unknown
ZAAC,funk,Otros
Black Dyke Band,unknown,unknown
Savage Garden,unknown,unknown
Lil Kleine,unknown,unknown
Gregg Allman,southern rock,Pop/Rock
StarBoi3,unknown,unknown
Dominic Fike,unknown,unknown
Dido,unknown,unknown
Alec Benjamin,unknown,unknown
Sebastián Codex,unknown,unknown
Gwen Stefani,unknown,unknown
Aaron Frazer,retro soul,Otros
Nat Adderley,hard bop,unknown
Marilina Ross,argentine rock,Pop/Rock
LemonChamp,cumbia,Regional
Young Nudy,unknown,unknown
Porter Robinson,edm,Electronica
Alfons,epadunk,unknown
Lucas & Steve,future house,Electronica
Peachy!,unknown,unknown
Apollo Brown,underground hip hop,Urban
B.V.S.M.P.,funk melody,Otros
Christine D'Clario,christian,unknown
The Sh-Booms,unknown,unknown
Lucio Dalla,italian singer-songwriter,unknown
Jhayco,,unknown
Stretch,unknown,unknown
Tally Hall,unknown,unknown
Nfasis,dembow,unknown
Tom Tom Club,unknown,unknown
moow,lo-fi,unknown
The Yardbirds,psychedelic rock,Pop/Rock
Louie Ramirez,salsa,unknown
María Martha Serra Lima,bolero,unknown
Patrick Hernandez,disco,unknown
Nyu.,math rock,Pop/Rock
SALES,bedroom pop,Pop/Rock
JOYRYDE,bass house,Electronica
Tom Jones,unknown,unknown
Rino Gaetano,italian singer-songwriter,unknown
Anika Nilles,jazz fusion,Otros
BANDIDO,rkt,unknown
Lil Uzi Vert,melodic rap,Urban
Voice Express,unknown,unknown
The Crusaders,jazz funk,Otros
Julián Serrano,unknown,unknown
Bhaskar,brazilian bass,unknown
Lullabyes,lullaby,unknown
SAYGRACE,unknown,unknown
The Style Council,unknown,unknown
El Soldado,argentine rock,Pop/Rock
Marty Robbins,unknown,unknown
Yusef Lateef,jazz,Otros
Roze Oficial,rkt,unknown
Owin,unknown,unknown
Antony and the Johnsons,chamber pop,Pop/Rock
Average White Band,unknown,unknown
Quarki,unknown,unknown
Music With Edgar,unknown,unknown
Gliese,eurodance,unknown
Nathan Evans,sea shanties,unknown
Cimorelli,unknown,unknown
Paula Sergio,bossa nova,unknown
Harold Faltermeyer,synthpop,Pop/Rock
Dayglow,indie rock,Pop/Rock
Alz X 38,uk drill,Urban
Churupaca,latin folk,Regional
Tee Lopes,unknown,unknown
The Psychedelic Furs,new wave,Pop/Rock
Teenage Bottlerocket,skate punk,Pop/Rock
The Everly Brothers,doo-wop,unknown
Steven Wilson,progressive rock,Pop/Rock
Rose Royce,quiet storm,unknown
swiftly,lo-fi,unknown
Masters of Sound,unknown,unknown
Nelly Furtado,unknown,unknown
Mariah Angeliq,trap latino,Urban
Lil Layth,argentine trap,Urban
Kirin J Callinan,unknown,unknown
Zendaya,unknown,unknown
Jonasu,unknown,unknown
Bridgit Mendler,unknown,unknown
Hot Chelle Rae,unknown,unknown
Bibi Babydoll,phonk,unknown
Seu Jorge,mpb,unknown
Mo-Do,eurodance,unknown
Lucas & The Woods,latin indie,Pop/Rock
Diane Warren,unknown,unknown
Marques Carroll,unknown,unknown
LilDeiry,unknown,unknown
Grupo la Cumbia,cumbia sonidera,Regional
GRAViiTY,psytrance,Electronica
Fabrizio De André,italian singer-songwriter,unknown
A$AP Ferg,rap,Urban
Big Apple,rkt,unknown
James,madchester,unknown
White Town,unknown,unknown
Gábor Vermes Group,jazz funk,Otros
Manny Oquendo Y Libre,latin jazz,Regional
Skytters,big room,unknown
Caetano Veloso,mpb,unknown
RICCI,brazilian bass,unknown
Maxxim,organic house,Electronica
Todo El Verano,latin indie,Pop/Rock
OTP,uk drill,Urban
Jon Bon Jovi,unknown,unknown
The Panas,cumbia,Regional
Chris Janson,country,Otros
The Big Times Rush,unknown,unknown
hateful,unknown,unknown
Michael Bolton,soft rock,Pop/Rock
Vince Staples,unknown,unknown
Golden Oldies,,unknown
The Corrs,celtic rock,Pop/Rock
HEDEGAARD,g-house,Electronica
Eli & Fur,melodic house,Electronica
Central Cee,uk drill,Urban
Redtenbacher's Funkestra,jazz funk,Otros
La Unión,rock en español,Pop/Rock
home grown,lo-fi beats,unknown
Harrison,deep house,Electronica
Chris Jedi,trap latino,Urban
Kid Cudi,unknown,unknown
Gordon Lightfoot,folk rock,Pop/Rock
Jay Wheeler,reggaeton,Urban
Gary Numan,new wave,Pop/Rock
Madcon,norwegian hip hop,Urban
Tego Calderón,reggaeton,Urban
Axel,unknown,unknown
Mr. Belt & Wezol,future house,Electronica
Cacho Castaña,tango,Regional
Lykke Li,unknown,unknown
IZA,brazilian pop,Pop/Rock
Stars On 45,disco,unknown
Matt Maltese,unknown,unknown
Fukkk Offf,electro house,Electronica
Fernando Claure,pentecostal,unknown
Trent Reznor and Atticus Ross,soundtrack,unknown
ichikoro,math rock,Pop/Rock
4 Elementos,latin hip hop,Urban
LaChanze,unknown,unknown
Buckethead,unknown,unknown
Los Tetas,latin rock,Pop/Rock
Max Richter,neoclassical,Otros
Ed Maverick,mexican indie,Pop/Rock
Dr. Dog,unknown,unknown
Besomage,unknown,unknown
AURORA,norwegian pop,Pop/Rock
Mala Tuya,cumbia,Regional
Midnight Dance Party,stutter house,Electronica
Bebe DJ,unknown,unknown
Brougham,rap rock,Pop/Rock
CRUISR,unknown,unknown
Dead Kennedys,punk,Pop/Rock
Dolo Fibonacci,unknown,unknown
N. L. T.,unknown,unknown
Tokio Hotel,unknown,unknown
Victoria Bernardi,unknown,unknown
Piola Vago,cumbia,Regional
UFO,hard rock,Pop/Rock
Jafunk,funky house,Electronica
Scary Goldings,jazz funk,Otros
Lund,emo rap,Pop/Rock
É O Tchan,axé,Regional
"Kallde ""El Rey Del Placer""",unknown,unknown
MELON,deep house,Electronica
Taron Egerton,unknown,unknown
Davie504,unknown,unknown
Alkilados,colombian pop,Pop/Rock
MOTHICA,unknown,unknown
The Replacements,power pop,Pop/Rock
Mc Livinho,funk,Otros
Rose Tattoo,hard rock,Pop/Rock
Idina Menzel,musicals,unknown
connor,jazz beats,Otros
Blind Melon,grunge,Pop/Rock
Vazquez Sounds,unknown,unknown
lil ricefield,meme rap,Urban
Pijama Party,cumbia,Regional
Neon Indian,chillwave,unknown
Roar,unknown,unknown
Fuego,trap latino,Urban
Ni'jah,unknown,unknown
NxWorries,unknown,unknown
VER:WEST,melodic house,Electronica
AFROJACK,edm,Electronica
The All-American Rejects,pop punk,Pop/Rock
Dylan Delato,,unknown
Super Mario 64,unknown,unknown
Echosmith,unknown,unknown
Agrupación Marilyn,cumbia,Regional
luv pug,lo-fi,unknown
Sonata Arctica,power metal,unknown
Nicky Romero,big room,unknown
Dolly Parton,country,Otros
Wale,unknown,unknown
Klezmerson,unknown,unknown
Satélite 23,argentine rock,Pop/Rock
Gente De Zona,latin,Regional
Ted Nugent,classic rock,Pop/Rock
Stone Temple Pilots,grunge,Pop/Rock
McLovin,slap house,Electronica
Hour Glass,southern rock,Pop/Rock
Ella Henderson,unknown,unknown
Sol Pereyra,latin alternative,Pop/Rock
The Stanford Mendicants,unknown,unknown
DJ Jeeh FDC,funk,Otros
Ima Robot,unknown,unknown
Jack Ü,unknown,unknown
NORTH26,slap house,Electronica
Ivy Queen,reggaeton,Urban
Phil Harris,unknown,unknown
VI-EM,cumbia,Regional
Spooki,disco house,Electronica
Jaze,unknown,unknown
Audioslave,grunge,Pop/Rock
Konai,brazilian hip hop,Urban
Rejjie Snow,jazz rap,Urban
FPR,unknown,unknown
Musica Sacra,gregorian chant,unknown
Samba Brazilian Batucada Band,unknown,unknown
Juto,unknown,unknown
Chris Brown,r&b,Urban
The O'Neill Brothers Group,unknown,unknown
Don Miguelo,dembow,unknown
UPWARD,slap house,Electronica
Landis,future house,Electronica
iio,trance,Electronica
Melody Gardot,vocal jazz,Otros
Majid Jordan,unknown,unknown
Tim McGraw,country,Otros
La Callejera,folklore argentino,Otros
Hilda Lizarazu,argentine rock,Pop/Rock
Madson Project.,bedroom pop,Pop/Rock
errepe,unknown,unknown
Mc Poze do Rodo,brazilian trap,Urban
RÜFÜS DU SOL,unknown,unknown
Bob & Earl,northern soul,Otros
Jackie Mittoo,rocksteady,Pop/Rock
Forever Tango,tango,Regional
The Latin Brothers,salsa,unknown
Lazy Wanderlust,unknown,unknown
Paris Carney,unknown,unknown
Kaash Paige,unknown,unknown
FloFilz,jazz rap,Urban
Chassol,unknown,unknown
FallingFriend,slap house,Electronica
Luka C Markovic,banda,Regional
Anne-Marie,unknown,unknown
Don Cornelio Y La Zona,argentine rock,Pop/Rock
La Piedra Urbana,cumbia,Regional
Lena Raine,unknown,unknown
StaySolidRocky,unknown,unknown
Eddie Cochran,rockabilly,Pop/Rock
El Dipy,cumbia,Regional
Austin Mahone,unknown,unknown
Franz Liszt,classical piano,Otros
Showtek,hardstyle,unknown
Generation Love,unknown,unknown
Vicky Ramos,cumbia,Regional
Player,unknown,unknown
Sunlike Brothers,slap house,Electronica
Paula Maffia,unknown,unknown
Louisa Johnson,unknown,unknown
Harry James,big band,unknown
The Movie Pops,unknown,unknown
Speaker Knockerz,unknown,unknown
Omarion,r&b,Urban
Walking Across Jupiter,djent,unknown
Gustavo Cordera,argentine rock,Pop/Rock
Ole Børud,album rock,Pop/Rock
Domo Genesis,unknown,unknown
Bruno Martini,brazilian pop,Pop/Rock
SF9,k-pop,Pop/Rock
The Platters,doo-wop,unknown
Cult To Follow,unknown,unknown
Lele Pons,unknown,unknown
Tez Cadey,tropical house,Electronica
Dj Peligro,unknown,unknown
Gary Burton,jazz,Otros
Switchfoot,christian rock,Pop/Rock
The Sylvers,disco,unknown
Session Victim,jazz house,Electronica
MGV Ybbs 1850,unknown,unknown
wunderkind,unknown,unknown
Our Lady Peace,post-grunge,Pop/Rock
Matias Juarez,latin r&b,Urban
"Tito ""El Bambino""",reggaeton,Urban
Tehsinapsis,unknown,unknown
Ninja Sex Party,comedy,unknown
Dream Chaser,unknown,unknown
Korobá,unknown,unknown
Los Palmeras,cumbia,Regional
Groove Armada,big beat,unknown
Joan Sebastian,banda,Regional
Princess Nokia,unknown,unknown
Arrow,math rock,Pop/Rock
Roberta Flack,adult standards,unknown
Tommy Mcgee,unknown,unknown
Claude King,traditional country,Otros
Charlie Parker,bebop,unknown
Joss Stone,neo soul,Otros
MOMO Soundz,unknown,unknown
Carly Pearce,country,Otros
Rochy RD,dembow,unknown
Ariel Posen,modern blues,Otros
The Hollies,unknown,unknown
Kapanga,argentine rock,Pop/Rock
Ed Sheeran & Justin Bieber,,unknown
Jefferson Airplane,psychedelic rock,Pop/Rock
Tribal Tech,jazz fusion,Otros
Raffaella Carrà,unknown,unknown
Nabález,colombian pop,Pop/Rock
El Potro Alvarez,merengue,unknown
Regard,unknown,unknown
Hiatus Kaiyote,neo soul,Otros
Will Sparks,melbourne bounce,unknown
Meshuggah,djent,unknown
Pema,argentine trap,Urban
Alle Farben,unknown,unknown
Macy Gray,unknown,unknown
Naomi Scott,unknown,unknown
Ant Saunders,unknown,unknown
Antonio Garcia Isaac,bolero,unknown
Kajax,unknown,unknown
Juan Ingaramo,unknown,unknown
Felix Jaehn,tropical house,Electronica
Inner Wave,unknown,unknown
Megan Davies,acoustic pop,Pop/Rock
RJD2,trip hop,unknown
LP,unknown,unknown
Rory Gallagher,blues rock,Pop/Rock
Wolty,argentine trap,Urban
Chancho En Piedra,latin rock,Pop/Rock
La Oreja de Van Gogh,latin pop,Pop/Rock
James Hersey,tropical house,Electronica
Luther Vandross,quiet storm,unknown
Jeeiph,unknown,unknown
Marc E. Bassy,unknown,unknown
Lower,unknown,unknown
Rav,unknown,unknown
Sonya Belousova,soundtrack,unknown
Tech N9ne,horrorcore,unknown
Miles Davis Quintet,jazz,Otros
Odd Future,unknown,unknown
Fetty Wap,unknown,unknown
Esbabyface,argentine trap,Urban
Matisse,unknown,unknown
Cosmo Pyke,bedroom pop,Pop/Rock
Ra Ra Riot,baroque pop,Pop/Rock
Matthew Wilder,unknown,unknown
Hoobastank,nu metal,unknown
Jax Jones,unknown,unknown
Mc Rf,funk carioca,Otros
Maxi y La Champions Liga,cumbia,Regional
Panda,unknown,unknown
Lora,unknown,unknown
Jovanotti,italian singer-songwriter,unknown
Tina Charles,disco,unknown
Melbourne Ska Orchestra,ska,unknown
Swatkins,retro soul,Otros
Breathe Carolina,unknown,unknown
Polo & Pan,french indie pop,Pop/Rock
John Coltrane Quartet,jazz,Otros
Scott Henderson,jazz fusion,Otros
White Ribbon Day,unknown,unknown
Avix,emo rap,Pop/Rock
killedmyself,emo rap,Pop/Rock
John Fogerty,country rock,Pop/Rock
Kaydy Cain,neoperreo,unknown
Zion,reggaeton,Urban
FMK,argentine trap,Urban
Liz Phair,unknown,unknown
Los Rebos,lullaby,unknown
Offset,unknown,unknown
TEMPOREX,bedroom pop,Pop/Rock
Bil Cutie,unknown,unknown
Geolier,canzone napoletana,unknown
DeBarge,quiet storm,unknown
דודו אהרון,mizrahi,unknown
Barenaked Ladies,unknown,unknown
White Shinobi,dark ambient,Electronica
Michael Scott Fan Club,unknown,unknown
FLSHBNG,unknown,unknown
Joe Sunrise,lo-fi,unknown
A Rocket To The Moon,pop punk,Pop/Rock
TwoRule,turkish pop,Pop/Rock
French Horn Rebellion,nu disco,unknown
M-Beat,jungle,unknown
Kelly Clarkson,christmas,unknown
Chicano Batman,latin indie,Pop/Rock
veZk,unknown,unknown
Rodolfo Aicardi,tropical music,unknown
Matt Duncan,retro soul,Otros
Jason Becker,neoclassical,Otros
Niko The Kid,tech house,Electronica
Mariana Baggio,lullaby,unknown
Earl Sweatshirt,experimental hip hop,Urban
Ben Platt,musicals,unknown
Mc Maha,anime rap,Urban
Gavriel,unknown,unknown
Poison,glam metal,unknown
Foreigner,album rock,Pop/Rock
Olivia Holt,unknown,unknown
Cheryl Allie,unknown,unknown
Vico C,latin hip hop,Urban
Aterciopelados,rock en español,Pop/Rock
Current Joys,unknown,unknown
Giampaolo Pasquile,unknown,unknown
Cheryl Lynn,disco,unknown
Yu E,unknown,unknown
Lisa Stansfield,unknown,unknown
The Fratellis,unknown,unknown
Los Amantes De Lola,rock en español,Pop/Rock
Mu'gambi,lo-fi,unknown
Astor Piazzolla,tango,Regional
Kura,big room,unknown
Logan Boden,unknown,unknown
The Click Five,unknown,unknown
Maso,unknown,unknown
Part Of The Art,disco,unknown
Salastkbron,rkt,unknown
Sencit,unknown,unknown
Ryn Weaver,unknown,unknown
Bill Lee,musicals,unknown
Ritt Momney,bedroom pop,Pop/Rock
Ava Max,unknown,unknown
Keith Richards,unknown,unknown
Ignacio Corsini,tango,Regional
halberd,lo-fi,unknown
KROY,unknown,unknown
Billy Crystal,unknown,unknown
Tim Berg,unknown,unknown
Womack & Womack,unknown,unknown
Hotel Ugly,unknown,unknown
R-Cue,electro house,Electronica
Charlie Parker And His Orchestra,bebop,unknown
CG5,nerdcore,unknown
"Joe ""Bean"" Esposito",unknown,unknown
Mc Delux,phonk,unknown
Matthew Sweet,power pop,Pop/Rock
Roberto Roena Y Su Apollo Sound,salsa,unknown
Kunning Fox,unknown,unknown
Harry Gregson-Williams,soundtrack,unknown
OMA,unknown,unknown
Dayme y El High,reggaeton,Urban
Brooks,future house,Electronica
Ziggy Alberts,folk pop,Pop/Rock
The Half Brothers,unknown,unknown
Chaqueño Palavecino,folklore argentino,Otros
Teau,jazz beats,Otros
Los Diablitos,vallenato,unknown
Los del Fuego,cumbia,Regional
Tuxedo,nu disco,unknown
Bea Miller,unknown,unknown
Onehunna,lounge,unknown
Young Thug,rap,Urban
Kings of Leon,modern rock,Pop/Rock
Miway,cumbia,Regional
The 31st Of February,acid rock,Pop/Rock
FINNEAS,unknown,unknown
Elijah Who,lo-fi,unknown
The Mello-Kings,doo-wop,unknown
Xzibit,west coast hip hop,Urban
Xantos,reggaeton,Urban
Clarence Winchester,unknown,unknown
Wilmer Norman,unknown,unknown
Miniature Tigers,unknown,unknown
Route 94,house,Electronica
Los Del Rio,unknown,unknown
Chase Atlantic,unknown,unknown
Ritmos Latinos,unknown,unknown
Pier,argentine rock,Pop/Rock
The Blues Brothers,blues,Otros
LaBelle,disco,unknown
Gladys Knight & The Pips,motown,unknown
ILLENIUM,melodic bass,unknown
Bobby Cole,unknown,unknown
Organ Freeman,jazz fusion,Otros
Pedro Aznar,argentine rock,Pop/Rock
Olivia O'Brien,unknown,unknown
Loquillo,unknown,unknown
Kino,post-punk,Pop/Rock
Tony Bennett,vocal jazz,Otros
Joseph Kosma,unknown,unknown
Lucky Luke,slap house,Electronica
Fabio Fusco,psytrance,Electronica
Black Pool,bedroom pop,Pop/Rock
Lakeside,post-disco,unknown
Sheppard,unknown,unknown
Worakls,minimal techno,Electronica
Comethazine,unknown,unknown
Navy Gravy,,unknown
The Pogues,celtic rock,Pop/Rock
Ciara,unknown,unknown
Concepto Religioso,unknown,unknown
Tom Zanetti,house,Electronica
Andrea Bocelli,opera,Otros
Sheed,unknown,unknown
Charmian Carr,musicals,unknown
Dr. House,acid techno,Electronica
Yannc,reggaeton,Urban
Tegan and Sara,unknown,unknown
I Built the Sky,djent,unknown
Bigworm,unknown,unknown
Angelo Branduardi,italian singer-songwriter,unknown
Joan Rafart,unknown,unknown
Parquet Courts,post-punk,Pop/Rock
The Church,jangle pop,Pop/Rock
Nataly Dawn,unknown,unknown
El Parcerito,argentine trap,Urban
Paul Young,unknown,unknown
Massive Attack,trip hop,unknown
Rain Radio,unknown,unknown
Jessica Lá Rel,unknown,unknown
W.A.S.P.,glam metal,unknown
Applebloom,unknown,unknown
Vitalic,electroclash,Electronica
DJ In Da House,unknown,unknown
Meryl Streep,musicals,unknown
Winston Surfshirt,unknown,unknown
Quavo,unknown,unknown
The J. Geils Band,classic rock,Pop/Rock
Facu Iñigo,latin indie,Pop/Rock
Alan Jackson,country,Otros
Deftones,nu metal,unknown
Richard Cheese,comedy,unknown
Los Ángeles Azules,cumbia,Regional
PaulWetz,unknown,unknown
Dj Kass,unknown,unknown
Dave Brubeck,jazz,Otros
Midland,country,Otros
Café Tacvba,rock en español,Pop/Rock
Koomz,afroswing,unknown
Mateo Ribak,rkt,unknown
Camilo,colombian pop,Pop/Rock
DJ GUDOG,brazilian phonk,unknown
Party in Backyard,unknown,unknown
Lorde,unknown,unknown
Slomow,unknown,unknown
Dr. John,unknown,unknown
Kenny Wayne Shepherd,blues rock,Pop/Rock
Gondwana,spanish-language reggae,unknown
Ike Quebec,hard bop,unknown
La Mono,argentine rock,Pop/Rock
Milky Chance,unknown,unknown
Young Dolph,memphis rap,Urban
Mano Negra,latin alternative,Pop/Rock
R.K.M & Ken-Y,reggaeton,Urban
GROUPLOVE,indie,Pop/Rock
Fabio Concato,italian singer-songwriter,unknown
Jon Z,trap latino,Urban
Christopher Wilde,unknown,unknown
The Ventures,surf rock,Pop/Rock
Jason Wade,unknown,unknown
Yung Lean,cloud rap,Urban
Fer,,unknown
Michael Angelo Batio,neoclassical,Otros
Pedrina,latin indie,Pop/Rock
La Sonora Altepexana,cumbia,Regional
Love Ghost,unknown,unknown
Jürgen Saalmann,unknown,unknown
Miami Horror,nu disco,unknown
Coqeéin Montana,argentine trap,Urban
347aidan,unknown,unknown
Kazy Lambist,french indie pop,Pop/Rock
M,synthpop,Pop/Rock
Flume,future bass,unknown
Bruno Cabrera Dj,rkt,unknown
Esteman,latin indie,Pop/Rock
S Club,unknown,unknown
I'll Catch Fire,unknown,unknown
The Penguins,doo-wop,unknown
The Rah Band,unknown,unknown
Jay Eskar,future house,Electronica
Ilkay Sencan,slap house,Electronica
Richard Armitage,unknown,unknown
Otto Knows,unknown,unknown
Paramore,pop punk,Pop/Rock
Third Eye Blind,unknown,unknown
Tobtok,deep house,Electronica
Cementerio Club,rock en español,Pop/Rock
LLusion,unknown,unknown
Manuel Turizo,reggaeton,Urban
Green Bull,unknown,unknown
MC MM,funk,Otros
DENNIS,funk,Otros
Edvard Grieg,classical,Otros
Geezmo,lo-fi,unknown
The Main Squeeze,retro soul,Otros
KSI,unknown,unknown
Ajay Adam,amapiano,unknown
Cauby Peixoto,seresta,unknown
dude26,lo-fi beats,unknown
Keys N Krates,edm trap,Urban
Casey Abrams,unknown,unknown
Catherine Zeta-Jones,musicals,unknown
Los Jaivas,latin rock,Pop/Rock
AVAION,deep house,Electronica
Chet Faker,unknown,unknown
Jon Sarta,unknown,unknown
Grupo Arenas,unknown,unknown
David Maxim Micic,djent,unknown
Nstens1117,unknown,unknown
Buddy Rich,big band,unknown
ABRO,slap house,Electronica
Yusuf Alev,unknown,unknown
Pussy Riot,hyperpop,Pop/Rock
The Budos Band,afrobeat,Urban
Gucci Mane,southern hip hop,Urban
Black Star,east coast hip hop,Urban
The RH Factor,neo soul,Otros
Bobby Day,doo-wop,unknown
Television's Greatest Hits Band,unknown,unknown
Common,hip hop,Urban
Paulo,unknown,unknown
RM,k-pop,Pop/Rock
T-Squad,unknown,unknown
Pelo Delazone,unknown,unknown
Roberto Carlos,mpb,unknown
Giacomo Turra,jazz funk,Otros
Wolfgang Amadeus Mozart,classical,Otros
K.P. & Envyi,miami bass,unknown
1927,unknown,unknown
Barney,children's music,unknown
Diarrhea Planet,indie punk,Pop/Rock
The Kingsmen,proto-punk,Pop/Rock
Shmuel Achiezer,unknown,unknown
Nigga,reggaeton,Urban
Bo Burnham,comedy,unknown
C.C.P.P.,jazz funk,Otros
Twiztid,horrorcore,unknown
Sarcastic Sounds,lo-fi,unknown
Original Broadway Cast - The Little Mermaid,unknown,unknown
Té de Brujas,argentine rock,Pop/Rock
Ramz,afroswing,unknown
Waxamilion,math rock,Pop/Rock
Babyface,quiet storm,unknown
Joe Stone,future house,Electronica
The Beloved,madchester,unknown
Spiderbait,unknown,unknown
DripReport,unknown,unknown
Honso,slap house,Electronica
2Pac,gangster rap,Urban
Quadeca,unknown,unknown
ilyTOMMY,unknown,unknown
Joaquín Sabina,trova,unknown
Diplo,moombahton,unknown
Pat Metheny Group,jazz fusion,Otros
Tacabro,unknown,unknown
Cedric Gervais,edm,Electronica
Suarez,unknown,unknown
Karaoke Hits Band,unknown,unknown
Flamingosis,vaporwave,unknown
Nick Lowe,power pop,Pop/Rock
J.PERIOD,unknown,unknown
The Waterboys,celtic rock,Pop/Rock
TLC,unknown,unknown
Brooklyn Funk Essentials,acid jazz,Electronica
Grupo Merenguisimo,merengue,unknown
Jessie Hock,unknown,unknown
The Versions,unknown,unknown
Alonso y Bernardo,unknown,unknown
Godsmack,nu metal,unknown
Tommy Emmanuel,unknown,unknown
Howard Shore,soundtrack,unknown
Mora,urbano latino,Regional
KOREL,unknown,unknown
Moonlight,hypertechno,Electronica
Andrew Bird,chamber pop,Pop/Rock
Miguel Cantilo,argentine rock,Pop/Rock
"Jimmy ""Bo"" Horne",disco,unknown
Jordan Rakei,neo soul,Otros
Richard Morrison,opera,Otros
Militantes del Climax,jazz funk,Otros
Cornucopia,organic house,Electronica
Harry Baker,unknown,unknown
August Wilhelmsson,unknown,unknown
Louis Cole,unknown,unknown
Tracy Chapman,unknown,unknown
Bobby Goldsboro,unknown,unknown
AC/DC Tribute Band,unknown,unknown
Vanilla Ice,unknown,unknown
CRO,german hip hop,Urban
Injury Reserve,experimental hip hop,Urban
Alice In Chains,grunge,Pop/Rock
NAPO,unknown,unknown
Justin Hurwitz,unknown,unknown
OMC,unknown,unknown
Antwaun Stanley,unknown,unknown
DJ Roman,rkt,unknown
Knaya,unknown,unknown
Black Lab,unknown,unknown
Pentakill,power metal,unknown
alt-J,indie,Pop/Rock
Grace Jones,art pop,Pop/Rock
Ramdiel & Kelmo,unknown,unknown
Ghost,metal,unknown
Musica para Dormir Dream House,unknown,unknown
La Liga,cumbia,Regional
Dio,heavy metal,unknown
Mano al Cielo,cumbia,Regional
"César ""Banana"" Pueyrredón",unknown,unknown
Brett Young,country,Otros
Oz Noy,jazz fusion,Otros
TV Tunesters,unknown,unknown
Ms. Lauryn Hill,neo soul,Otros
Gino Paoli,italian singer-songwriter,unknown
La Sonora Dinamita,cumbia,Regional
Chinook,tropical house,Electronica
Matisyahu,reggae,unknown
Pereza,unknown,unknown
Nico Szabo,organic house,Electronica
SOPHIE,hyperpop,Pop/Rock
Sampha,unknown,unknown
DMNDS,slap house,Electronica
Lighthouse Family,unknown,unknown
DubVision,progressive house,Electronica
Vicetone,edm,Electronica
Martin Jensen,unknown,unknown
Harry Shotta,drum and bass,unknown
The Teskey Brothers,retro soul,Otros
James Taylor Quartet,acid jazz,Electronica
Cut Copy,alternative dance,Pop/Rock
Nujabes,jazz rap,Urban
Los Náufragos,unknown,unknown
Brøder,,unknown
Blur A Buddha Original Opinion,unknown,unknown
Camilo Sesto,bolero,unknown
Baauer,edm trap,Urban
Dream Theater,progressive metal,unknown
Asher Roth,unknown,unknown
Maldito Peke,cumbia,Regional
Sinéad O'Connor,unknown,unknown
Los Pollitos,lullaby,unknown
Theophilus London,unknown,unknown
John Petrucci,progressive metal,unknown
Twenty One Two,unknown,unknown
Tinashe,alternative r&b,Pop/Rock
1depth,unknown,unknown
Pháo,v-pop,Pop/Rock
Oscar Collin,unknown,unknown
Courtney John,lovers rock,Pop/Rock
The Videos,doo-wop,unknown
Michael Calfan,unknown,unknown
Alice Cooper,glam rock,Pop/Rock
Tortured Soul,acid jazz,Electronica
Don Cheto,unknown,unknown
Mikel Erentxun,rock en español,Pop/Rock
Take That,unknown,unknown
The Alchemist,alternative hip hop,Pop/Rock
Vanthra,argentine rock,Pop/Rock
AIRLIBERATE,unknown,unknown
Las Ketchup,unknown,unknown
YES YES,unknown,unknown
夏小桃,unknown,unknown
will.i.am,unknown,unknown
Johnny Mercer,big band,unknown
Dorian Electra,hyperpop,Pop/Rock
Sari Cucien,lullaby,unknown
Cecilia Krull,unknown,unknown
Ruel,unknown,unknown
BABY GRAVY,meme rap,Urban
Carnage,unknown,unknown
Kate Bush,art pop,Pop/Rock
Hank Jones,jazz,Otros
2 Chainz,southern hip hop,Urban
Lore y Roque Me Gusta,unknown,unknown
Travis Thompson,unknown,unknown
Solence,unknown,unknown
Albert King,blues,Otros
Ber,unknown,unknown
Scott Rill,slap house,Electronica
CantoParaBailar,cumbia,Regional
Punctual,unknown,unknown
Hernan y La Champion's Liga,cumbia,Regional
The Outatime Orchestra,unknown,unknown
Lucybell,latin rock,Pop/Rock
Thievery Corporation,trip hop,unknown
Ben Gerrans,unknown,unknown
"Medeski, Martin & Wood",jazz funk,Otros
akiaura,phonk,unknown
VAPAE,unknown,unknown
Kevin Abstract,unknown,unknown
Surf Curse,indie,Pop/Rock
dvsn,alternative r&b,Pop/Rock
Nebezao,unknown,unknown
Right Said Fred,unknown,unknown
Jess Glynne,unknown,unknown
Yerba Brava,cumbia,Regional
Cósmico,cloud rap,Urban
Christina Perri,soft pop,Pop/Rock
Ok2222,lo-fi beats,unknown
lovelytheband,unknown,unknown
Mambo Kingz,reggaeton,Urban
Curtis Harding,retro soul,Otros
Toots & The Maytals,reggae,unknown
All Time Low,pop punk,Pop/Rock
Lionel Hampton,swing music,unknown
Miguel Alcaide,unknown,unknown
Ultimate Tribute Stars,unknown,unknown
Primal Scream,madchester,unknown
Joan Osborne,unknown,unknown
Roy Ayers Ubiquity,jazz funk,Otros
Noah Davis,unknown,unknown
El Plan De La Mariposa,argentine rock,Pop/Rock
Snow,unknown,unknown
Arbolito,folklore argentino,Otros
Pat Benatar,album rock,Pop/Rock
Marshmello,edm,Electronica
Coleman Hawkins,jazz,Otros
My Life in Black and White,celtic rock,Pop/Rock
Chaka Khan,unknown,unknown
Eloy,reggaeton,Urban
Canned Heat,blues rock,Pop/Rock
Los Tigres Del Norte,norteño,unknown
El Joan,rkt,unknown
Sera Panico,argentine rock,Pop/Rock
Elliott Smith,singer-songwriter,unknown
itssvd,unknown,unknown
Mott The Hoople,glam rock,Pop/Rock
Michael Telophone,unknown,unknown
Jack Wall,soundtrack,unknown
Massacre,argentine rock,Pop/Rock
Nego do Borel,funk,Otros
Vacations,unknown,unknown
twuan,lo-fi beats,unknown
Crystal Rock,slap house,Electronica
Beatriz Luengo,unknown,unknown
Vague003,unknown,unknown
Patrice Rushen,post-disco,unknown
Fatboy Slim,big beat,unknown
The Fall,post-punk,Pop/Rock
Niccolò Paganini,classical,Otros
Adam Ben Joshua,unknown,unknown
Vansire,bedroom pop,Pop/Rock
Elise Trouw,unknown,unknown
Wasback,progressive house,Electronica
Gustavo Bravetty,unknown,unknown
Playa G,memphis rap,Urban
Belle and Sebastian,chamber pop,Pop/Rock
Villanos,argentine rock,Pop/Rock
Christopher Cross,soft rock,Pop/Rock
Pikeno & Menor,funk,Otros
Qumu,unknown,unknown
Richard Bona,unknown,unknown
Steel Pulse,reggae,unknown
Mitch Ryder and The Detroit Wheels,northern soul,Otros
Emanero,cuarteto,unknown
Extreme Music,gothic country,Otros
BluntOne,lo-fi,unknown
TV Girl,unknown,unknown
18 Kilates,cumbia,Regional
MC Kevin o Chris,funk,Otros
