master_metadata_album_artist_name,artist_genre
Big Time Rush,unknown
Soda Stereo,rock en español
CHIC,disco
Los Piojos,argentine rock
Ekko Park,unknown
Dazoneman,unknown
Callejeros,argentine rock
Technotronic,eurodance
Imagine Dragons,unknown
Metallica,metal
Pappo,argentine rock
Childish Gambino,unknown
Fito Paez,argentine rock
Radiohead,art rock
Opus,unknown
Camila Cabello,unknown
Luis Alberto Spinetta,argentine rock
Sam & Dave,motown
Blues Traveler,unknown
Bersuit Vergarabat,argentine rock
"Earth, Wind & Fire",disco
Wolfine,reggaeton
Rihanna,unknown
La Portuaria,argentine rock
Wilson Pickett,motown
Dillom,argentine trap
The Andrew Allen Trio,unknown
John C,argentine trap
Los Rodriguez,latin rock
Ciro y los Persas,argentine rock
The Rolling Stones,classic rock
Pink Floyd,progressive rock
Scary Pockets,retro soul
Tears For Fears,new wave
Marka Akme,cumbia
Van Halen,glam metal
Las Pelotas,argentine rock
Maluma,reggaeton
Mountain,classic rock
The Chainsmokers,unknown
La Zimbabwe,argentine rock
Duki,argentine trap
blackbear,unknown
Fabiana Cantilo,argentine rock
insaneintherainmusic,jazz
Bob Marley & The Wailers,reggae
Bastille,unknown
Sui Generis,argentine rock
Lil Nas X,unknown
AC/DC,rock
Talking Heads,new wave
Maroon 5,pop
Elijah Kelley,musicals
Red Hot Chili Peppers,funk rock
Jamiroquai,acid jazz
Peter Gabriel,art rock
Joe Satriani,unknown
Cotton Eyed Joe,traditional country
Daft Punk,french house
YSY A,argentine trap
Tiësto,edm
WOS,argentine trap
Walk off the Earth,unknown
Miami Sound Machine,unknown
La Mosca Tse-Tse,
Chano,argentine rock
R.E.M.,jangle pop
James Brown,soul
Journey,album rock
Coldplay,unknown
Calvin Harris,edm
Crowded House,unknown
Duran Duran,new wave
MF DOOM,experimental hip hop
Queen,classic rock
Los Nota Lokos,rkt
Breakbot,french house
Duke Ellington,jazz
Mac Miller,unknown
Mark Ronson,unknown
Drake,rap
Bruno Mars,unknown
Serú Girán,argentine rock
maxi,unknown
Sia,unknown
Metronomy,new rave
La Beriso,argentine rock
Aerosmith,classic rock
Virus,latin rock
Andrés Calamaro,argentine rock
FKJ,unknown
weird inside,lo-fi
1nonly,phonk
Dua Lipa,pop
Michael Jackson,unknown
Dance Fruits Music,deep house
Jimi Hendrix,psychedelic rock
Pescado Rabioso,argentine rock
"Tyler, The Creator",unknown
Charly García,argentine rock
Vulfpeck,funk rock
Thalia,latin pop
Polyphia,math rock
Allman Brothers Band,southern rock
Tina Turner,unknown
Green Day,punk
Bizarrap,argentine trap
Katrina & The Waves,unknown
Britney Spears,pop
Camille,french jazz
San Holo,future bass
Redbone,unknown
Dexter Gordon,hard bop
Troy,unknown
ABBA,unknown
Los Fabulosos Cadillacs,rock en español
The Beatles,classic rock
RŮDE,lo-fi
The Alan Parsons Project,symphonic rock
Pharrell Williams,unknown
Guns N' Roses,rock
TOTO,soft rock
Car Seat Headrest,midwest emo
Babasónicos,
Sublime,reggae rock
Dire Straits,classic rock
Two Feet,unknown
U2,rock
Pomplamoose,unknown
Axwell /\ Ingrosso,unknown
Michael Giacchino,soundtrack
Rombai,cumbia
Daryl Hall & John Oates,soft rock
Pink Guy,meme rap
Alan Gomez,rkt
The Drums,indie
Elton John,unknown
Los Pericos,spanish-language reggae
Beady Eye,britpop
Jenil,budots
Post Malone,unknown
Tan Bionica,argentine rock
Piso 21,reggaeton
Scott Bradlee's Postmodern Jukebox,swing music
Oasis,britpop
Doja Cat,unknown
Tenacious D,comedy
Wilco,alt country
Paul Simon,singer-songwriter
Eric Mandarina,unknown
El Alfa,dembow
Paulo Londra,argentine trap
Greta Van Fleet,rock
John Mayer,singer-songwriter
No Te Va Gustar,argentine rock
Shania Twain,country
Men At Work,unknown
La Maquina De Hacer Pájaros,argentine rock
Rosario Dawson,musicals
Philip Bailey,unknown
Spandau Ballet,new wave
Natalia Lafourcade,latin folk
Rafaga,cumbia
Rodrigo,cuarteto
Kenny Loggins,unknown
The Weeknd,unknown
Cosculluela,reggaeton
Bryan Adams,unknown
Shawn Mendes,unknown
Parliament,funk
Al Green,soul
Gotye,unknown
Los Abuelos De La Nada,argentine rock
The Isley Brothers,motown
Genesis,progressive rock
Eagles,classic rock
CA7RIEL,argentine trap
Twenty One Pilots,unknown
Faith No More,funk rock
C2C,electro swing
Los Enanitos Verdes,rock en español
Fort Atlantic,unknown
Villainy,unknown
Armando Manzanero,bolero
Os Paralamas Do Sucesso,brazilian rock
La Vela Puerca,argentine rock
Foghat,classic rock
The B-52's,new wave
Damas Gratis,cumbia
Billy Joel,soft rock
Divididos,argentine rock
Stage Kids,math rock
Bruce Springsteen,unknown
War,unknown
Arcade Fire,indie rock
Madism,tropical house
Laura Branigan,unknown
Cory Wong,jazz funk
Sam Cooke,motown
Eurythmics,new wave
Vance Joy,folk pop
Kidd Keo,trap
MC Hammer,unknown
Bee Gees,disco
Rockwell,unknown
Los Cafres,spanish-language reggae
Orianthi,unknown
Keane,unknown
Belinda Carlisle,unknown
Lou Bega,unknown
Easy Star All-Stars,dub
Hot Chocolate,unknown
The Fearless Flyers,jazz funk
DJ Snake,unknown
Patricio Rey y sus Redonditos de Ricota,argentine rock
Luciano Pereyra,folklore argentino
Christopher Tyng,unknown
Hannah Montana,unknown
Santana,unknown
Riff,argentine rock
Chet Baker,jazz
Lana Del Rey,unknown
Major Lazer,moombahton
Led Zeppelin,classic rock
OneRepublic,soft pop
Trueno,argentine trap
Los Auténticos Decadentes,argentine rock
Whitesnake,glam metal
GIT,latin rock
Deep Purple,hard rock
Vinnie Moore,neoclassical
Fats Domino,rock and roll
Almendra,argentine rock
Jack Johnson,surf rock
Big One,argentine trap
Lucas Estrada,tropical house
La Franela,argentine rock
Sting,soft rock
Korn,nu metal
Los Prisioneros,latin rock
Woody Jackson,unknown
Crispian St. Peters,unknown
Future,rap
The Police,unknown
Marvin Gaye,motown
Miranda!,latin pop
Juan Carlos Baglietto,trova
The Cure,new wave
Derek & The Dominos,blues rock
Incubus,nu metal
Blondie,unknown
Elvis Presley,rockabilly
Rupert Holmes,unknown
Rage Against The Machine,rap metal
Pixies,alternative rock
Alan Walker,unknown
Berlin,unknown
Reik,latin pop
The Cranberries,unknown
Pekeño 77,argentine trap
NATHY PELUSO,latin hip hop
Dread Mar I,spanish-language reggae
MGMT,indie
Thin Lizzy,classic rock
Rufus Wainwright,chamber pop
Lily Allen,unknown
Ed Sheeran,soft pop
Kevo DJ,rkt
Los Tipitos,argentine rock
Rusted Root,unknown
Steve Vai,unknown
Stevie Wonder,motown
Heldeus,slap house
Paul Desmond,cool jazz
Cheryl Freeman,unknown
The Gap Band,quiet storm
Sheryl Crow,unknown
Uncle Walt's Band,americana
Adam Neely,unknown
St. Vincent,art pop
Martin Garrix,edm
Adele,soft pop
Bell Biv DeVoe,new jack swing
Barbi Recanati,latin indie
Nat King Cole,christmas
El Mató a un Policía Motorizado,argentine rock
Falco,neue deutsche welle
Miguel Mateos - Zas,rock en español
Roxette,unknown
Dizzy Gillespie,bebop
Nicki Minaj,unknown
Iron Maiden,heavy metal
Chayanne,latin pop
Marama,cumbia
Blaster DJ,guaracha
Gustavo Cerati,argentine rock
Seal,unknown
Meghan Trainor,unknown
Arrested Development,unknown
The Righteous Brothers,unknown
The Dave Brubeck Quartet,jazz
Capital Cities,unknown
Usted Señalemelo,latin indie
Dave Weckl,jazz fusion
Luis Miguel,mariachi
Jesse & Joy,latin pop
Gary Jules,unknown
Jean Knight,motown
Panic! At The Disco,emo
Detroit Rock Hitters,unknown
Billie Eilish,unknown
Donna Murphy,unknown
Miguel Mateos,rock en español
The Cannonball Adderley Quintet,hard bop
Pearl Jam,grunge
Papando Moscas,lullaby
Creedence Clearwater Revival,classic rock
The Fabulous Thunderbirds,blues rock
Blitz,brazilian rock
Nestor En Bloque,cumbia
Emilia,argentine trap
Chumbawamba,unknown
Airbag,argentine rock
Spinetta Y Los Socios Del Desierto,argentine rock
Bonnie Tyler,unknown
John Denver,folk
Collective Soul,post-grunge
Lynyrd Skynyrd,southern rock
Ab-Soul,unknown
Los Wachiturros,turreo
Desireless,unknown
Nek,rock en español
Peter Bjorn and John,indie
Neo Pistea,argentine trap
The Mission,deathrock
John Williams,soundtrack
Sub Urban,unknown
Rodrigo Amarante,nova mpb
The Bolshoi,new wave
MIKA,unknown
Murray Gold,soundtrack
Nicky Jam,reggaeton
Kaleb Di Masi,rkt
Taylor Swift,unknown
Juanes,latin pop
Sak Noel,moombahton
Spin Doctors,unknown
La Torre,argentine rock
CeeLo Green,unknown
Justin Bieber,unknown
Rod Stewart,soft rock
Sie7e,spanish-language reggae
Dr. Dre,g-funk
Attaque 77,argentine rock
Clean Bandit,unknown
Ricardo Mollo,argentine rock
Annie Lennox,synthpop
Sly & The Family Stone,motown
Kanye West,rap
Dexys Midnight Runners,unknown
Death From Above 1979,modern rock
Tame Impala,indie
Charlie Puth,soft pop
Madness,ska
Chick Corea,jazz fusion
One Direction,unknown
Fine Young Cannibals,unknown
A Taste Of Honey,disco
Pedro Y Pablo,argentine rock
Clifford Brown,hard bop
Robbie Williams,unknown
The Clash,punk
The Supremes,motown
Noriel,trap latino
Sumo,argentine rock
The Killers,alternative rock
Bill Withers,soul
Desiigner,unknown
Phil Collins,soft rock
Jackie Wilson,northern soul
Blue Swede,unknown
Kendrick Lamar,hip hop
El Villano,cumbia
The Doors,psychedelic rock
Soundgarden,grunge
Bhavi,argentine trap
INXS,unknown
Soft Cell,synthpop
Mancha De Rolando,argentine rock
APM Mother's Day Ensemble,unknown
Mike Posner,unknown
Lipps Inc.,disco
DJ Khaled,unknown
El Reja,cumbia
Papu DJ,rkt
Frankie Goes To Hollywood,synthpop
Los Bonnitos,cumbia
Idealism,lo-fi
Flughand,lo-fi
Madonna,unknown
Invisible,argentine rock
Ivana Spagna,italo disco
Diego Torres,latin pop
Ratones Paranoicos,argentine rock
Bibio,downtempo
Vicentico,argentine rock
The Bangles,jangle pop
Fugees,east coast hip hop
Pretenders,unknown
CNCO,reggaeton
Alphaville,synthpop
Joe Henderson,hard bop
Alanis Morissette,unknown
Rush,progressive rock
Glenn Close,unknown
Bequem,unknown
El negro tecla,rkt
TypeHeat,unknown
Ramones,punk
Dwayne Johnson,unknown
Yes,progressive rock
Frank Sinatra,christmas
Skrillex,dubstep
Las Culisueltas,cumbia
Los Violadores,latin rock
DJ Shadow,trip hop
The Soundtrack Studio Stars,unknown
John La Barbera Big Band,big band
Luis Ángel Gómez Jaramillo,unknown
Travie McCoy,unknown
Sebastian Yatra,colombian pop
Ghost Town DJs,miami bass
Scissor Sisters,unknown
Internet Money,unknown
Eric Johnson,unknown
Fountains Of Wayne,power pop
Beyoncé,unknown
Lil Eazzyy,unknown
KAYTRANADA,unknown
Ronald Reggae,reggae
Fleetwood Mac,classic rock
Paul Landry,new age
Hippie Sabotage,unknown
Junona Boys,slap house
Lenny Kravitz,unknown
Smokie,glam rock
Donna Summer,disco
Mr. Probz,unknown
Johannes Bornlöf,unknown
Dead Or Alive,hi-nrg
Avicii,edm
Studio Allstars,unknown
LP Giobbi,house
John Coltrane,jazz
Isaac Hayes,soul
The Jacksons,disco
Rae Sremmurd,unknown
Michael Sembello,unknown
Fer Palacio,rkt
The Who,classic rock
The Doobie Brothers,classic rock
Electric Light Orchestra,symphonic rock
KC & The Sunshine Band,disco
Twisted Sister,glam metal
Samuel E. Wright,unknown
High School Musical Cast,unknown
Spinetta Jade,argentine rock
The Buggles,unknown
Ray Charles,jazz blues
Aretha Franklin,soul
Zoe Gotusso,latin indie
Rick James,funk
Max Graef,jazz house
Johnny Nash,unknown
Eric Prydz,unknown
Lil Wayne,rap
The Smiths,new wave
guardin,emo rap
Miles Davis,jazz
Smash Mouth,unknown
Limahl,synthpop
Piero,trova
Kool & The Gang,disco
Etta James,soul
LOUTA,argentine trap
BIG MAKK,moombahton
Boston,classic rock
Black Sabbath,metal
Martha Reeves & The Vandellas,motown
Snarky Puppy,jazz fusion
Harry Styles,unknown
Erasure,synthpop
KSHMR,big room
Nirvana,grunge
Nio Garcia,reggaeton
November,unknown
Kygo,tropical house
Meter Mobb,unknown
Andy Timmons,unknown
Miley Cyrus,unknown
Julie Andrews,musicals
Roy Orbison,rockabilly
Antonio Vivaldi,classical
Matt Simons,unknown
Alcides,cuarteto
Diego Ruiz,argentine rock
Bruce Hornsby,
New Radicals,unknown
The Deli,lo-fi
Jonas Blue,tropical house
Paul McCartney,unknown
Howard Jones,new wave
Jack Stauber,unknown
Ozuna,reggaeton
Charly Black,dancehall
Cheat Codes,unknown
Chuck Berry,rockabilly
Kansas,classic rock
KISS,glam metal
Men Without Hats,synthpop
Huey Lewis & The News,unknown
The Family,disco
Kevin Kiner,soundtrack
Goldspot,unknown
Train,soft pop
Duck Sauce,disco house
Dj Jules,vaporwave
Leon Haywood,unknown
Franz Ferdinand,indie rock
Oscar Peterson,jazz
R3HAB,slap house
The Knack,power pop
Catupecu Machu,argentine rock
DNCE,unknown
David Bowie,glam rock
Run–D.M.C.,east coast hip hop
Masego,unknown
Nina Simone,vocal jazz
Gary Moore,blues
Ella Es Tan Cargosa,argentine rock
Halconizados de Amor,cumbia
Ella Fitzgerald,vocal jazz
Peter La Anguila,unknown
Solomon Burke,soul
Steve Lacy,unknown
American Authors,unknown
Ozzy Osbourne,metal
The Rembrandts,unknown
Coolio,west coast hip hop
Sam Rollins,unknown
5 Seconds of Summer,unknown
The Pointer Sisters,disco
Tiago PZK,argentine trap
George Michael,unknown
Ben L'Oncle Soul,jazz blues
Four Tops,motown
Juice Newton,unknown
Soulja Boy,unknown
I'm Blue,unknown
Susan Egan,unknown
The Verve,britpop
Eric Clapton,blues
Farruko,reggaeton
Otis McDonald,jazz funk
Willy Crook,unknown
John Travolta,musicals
Y2K,unknown
PRETTYMUCH,unknown
Los Siete Delfines,argentine rock
The Notorious B.I.G.,gangster rap
Eladio Carrion,trap latino
Blur,britpop
The Foundations,unknown
Irene Cara,unknown
Perras on the beach,latin indie
Travis Scott,rap
HUTS,slap house
Jason Derulo,unknown
Vaundy,j-pop
The Temptations,motown
a-ha,new wave
Dionne Warwick,unknown
DJ Tao,rkt
Ben E. King,unknown
G-Eazy,unknown
Arjun Kaul,unknown
Kaiser Chiefs,britpop
Dirty Loops,jazz funk
João Gilberto,bossa nova
Moray Pringle,math rock
J Alvarez,reggaeton
Gorillaz,unknown
Jaco Pastorius,jazz fusion
Alesso,edm
WWE,unknown
Ana Mena,unknown
Aminé,unknown
Happy Mondays,madchester
Jimmy Buffett,unknown
Laid Back,unknown
Kenny Rogers,country
Shokk,meme rap
Rusherking,argentine trap
The Vamps,unknown
#TocoParaVos,cumbia
Run The Jewels,hip hop
Fall Out Boy,emo
Neil Diamond,unknown
Paco Amoroso,unknown
Katy Perry,pop
Romeo Santos,bachata
Super Simple Songs,children's music
Jesse MacLeod,unknown
Masked Wolf,unknown
Freddie Dredd,phonk
Otis Redding,soul
Guthrie Govan,jazz fusion
The Wailers,reggae
SAINt JHN,unknown
Maxi Trusso,unknown
The Rock Band,unknown
Midnight Oil,surf rock
The Kinks,proto-punk
The Human League,new wave
The Kooks,indie
Alejandro Lerner,argentine rock
Rooftops,math rock
Eddie Floyd,soul
The Strokes,garage rock
The Animals,classic rock
Destino Clan,unknown
potsu,lo-fi
The Axis of Awesome,comedy
La Quinta Estacion,latin pop
Board-Man,lo-fi
Frijo,argentine trap
Carlos Vives,colombian pop
Billy Ray Cyrus,unknown
Khalid,unknown
The Sugarhill Gang,unknown
Marlena Shaw,northern soul
Bill Evans,jazz
Michel Teló,sertanejo
Turf,argentine rock
Banda XXI,cuarteto
Aterrizaje Forzoso,latin rock
Luiz Bonfá,bossa nova
Cannonball Adderley,hard bop
Olvidate!,cumbia
Joey Bada$$,hip hop
Billy Idol,unknown
Alexandra Stan,unknown
Randy Newman,unknown
Screaming Headless Torsos,funk rock
Oscar Peterson Trio,jazz
The Black Keys,blues rock
Curtis Mayfield,soul
Art Tatum,jazz
Sha Na Na,musicals
ZAYN,unknown
Jhené Aiko,r&b
Ryan McCartan,musicals
Stan Getz,bossa nova
Lalo Leyva,unknown
The Smashing Pumpkins,alternative rock
Porta,unknown
M.S. Art,unknown
Tempo,latin hip hop
Amy Winehouse,unknown
Wallows,indie
Outkast,southern hip hop
Eiffel 65,eurodance
Portugal. The Man,unknown
Macklemore & Ryan Lewis,unknown
Bad Bunny,reggaeton
monte booker,unknown
BTS,k-pop
Maikel Delacalle,trap latino
George Harrison,unknown
Icona Pop,unknown
BADBADNOTGOOD,unknown
Los De La Nazza,reggaeton
The Royal Philharmonic Concert Orchestra,unknown
Lou Reed,glam rock
Prince,funk rock
Blue Öyster Cult,classic rock
Dimitri Vegas & Like Mike,big room
The Cars,power pop
John Newman,unknown
Gloria Gaynor,disco
Nikki Blonsky,musicals
Thurston Harris,doo-wop
Frank Ocean,unknown
Vampire Weekend,indie
Leona Lewis,unknown
Jarabe De Palo,rock en español
Mac DeMarco,indie
Luis Fonsi,latin
Carmen Twillie,unknown
Rick Astley,unknown
Fontella Bass,motown
WALK THE MOON,unknown
The La Planta,cumbia
Estelares,argentine rock
SwitchOTR,uk drill
Beck,unknown
Las Pastillas del Abuelo,argentine rock
Marcos Valle,bossa nova
Moai Beats,lo-fi
Peaches & Herb,disco
Justin Timberlake,unknown
Tyga,unknown
Poncho,electropop
Alabama Shakes,unknown
Yandar & Yostin,reggaeton
Amii Stewart,disco
Victoria Monét,alternative r&b
Salt-N-Pepa,unknown
Anitta,brazilian pop
The Lumineers,folk pop
Arctic Monkeys,indie
Los Unidades,unknown
Steely Dan,classic rock
The Proclaimers,unknown
Calle 13,latin hip hop
Gilda,cumbia
The Meters,funk
Monophonics,retro soul
Higher Brothers,chinese hip hop
Jimmy Cliff,reggae
Ashe,unknown
Joy Division,post-punk
Tay Zonday,unknown
Pusha T,unknown
Hailee Steinfeld,unknown
Steve Winwood,soft rock
David Guetta,edm
Victorious Cast,unknown
Electro Deluxe,acid jazz
Leslie Grace,bachata
Sean Paul,dancehall
Playboi Carti,rage rap
Boney M.,disco
The Harmony Group,unknown
A Tribe Called Quest,jazz rap
Depeche Mode,new wave
Kristen Anderson-Lopez,unknown
MAGIC!,unknown
Foo Fighters,rock
Mike Oldfield,progressive rock
Bill Medley,unknown
Amelia Cole,unknown
Matt White,gothic country
Janis Joplin,classic rock
Hentai Xander,hyperpop
Dj Cutman,lo-fi
Rascal Flatts,country
IQ,progressive rock
tides.,jazz beats
Beach Bunny,unknown
Europe,glam metal
Lionel Richie,motown
Charles Aznavour,chanson
Hardwell,big room
Sharpay Evans,unknown
Dessia el Otro,cumbia
Andrew Huang,unknown
Louis Armstrong,jazz
Dr. Octagon,experimental hip hop
Fat Joe,east coast hip hop
Netta Brielle,unknown
David Lebón,argentine rock
The Jackson 5,motown
Katie Viqueira,lullaby
Sister Sledge,disco
Nicki Nicole,argentine trap
Evanescence,alternative metal
The Ronettes,christmas
Boyce Avenue,acoustic pop
Bobby Caldwell,unknown
Queens of the Stone Age,stoner rock
The Teardrop Explodes,post-punk
Suzanne Vega,singer-songwriter
RichaadEB,unknown
Los Twist,argentine rock
Irma Thomas,unknown
Camilo Salinas,unknown
Alannah Myles,unknown
Rockabye Baby!,lullaby
Geek Music,anime
El Retutu,cumbia
Lady Gaga,art pop
Lizzo,unknown
Ed Motta,mpb
Bill Conti,unknown
Chance the Rapper,unknown
WILLOW,unknown
Stevie Ray Vaughan,blues
Aaron Smith,unknown
Árbol,argentine rock
Sérgio Mendes,brazilian jazz
Limes,lo-fi beats
Three Dog Night,unknown
Los Caballeros De La Quema,argentine rock
Alessia Cara,unknown
Perico Hernandez,unknown
Zac Efron,musicals
Sajan,unknown
Melodyia Music,unknown
Tower Of Power,jazz funk
Eminem,rap
Gaelic Storm,celtic
Shirt,unknown
MxPx,skate punk
Shouse,unknown
Survivor,unknown
Beastie Boys,rap rock
Ohio Players,soul
Intoxicados,argentine rock
Benja Barceló,unknown
Vanessa Hudgens,unknown
Silk City,unknown
Don Omar,reggaeton
Sly Stone,northern soul
Victor Wooten,jazz fusion
Mandy Moore,unknown
Steve Miller Band,classic rock
Beach House,dream pop
The Turtles,unknown
Roger Waters,progressive rock
Plan B,reggaeton
Pet Shop Boys,synthpop
Antonio Rios,cumbia
Def Leppard,glam metal
Man Ray,argentine rock
Danny Brown,experimental hip hop
Zafrir,melodic techno
Armin van Buuren,trance
Richard White,unknown
Jinsang,lo-fi
Marco Antonio Solís,grupera
Glee Cast,christmas
J Balvin,reggaeton
Dove Cameron,unknown
El Apache Ness,cumbia
Foster The People,unknown
Huntertones,jazz funk
Ms Nina,neoperreo
U.S.A. For Africa,unknown
Scorpions,hard rock
Joey Montana,reggaeton
J.J. Cale,blues
Ken Clayton,unknown
El Cuarteto De Nos,cuarteto
The White Stripes,garage rock
Saib,lo-fi
Wun Two,lo-fi beats
Baltimora,italo disco
Christina Aguilera,unknown
Micro TDH,unknown
Kiddtetoon,chilean trap
Black Eyed Peas,unknown
Couch,pop soul
DaBaby,unknown
Bon Jovi,glam metal
Oliver Tree,unknown
Van Morrison,unknown
Lasser,acid house
Black Pumas,retro soul
The O'Jays,philly soul
Delegation,unknown
George Benson,smooth jazz
The Spinners,philly soul
fun.,unknown
Jacob Sartorius,unknown
Gema Castaño,unknown
Dave Koz,unknown
Stealth,unknown
Ike & Tina Turner,motown
Funky Times,jazz funk
Keyan JRN,unknown
Iván Cairo,unknown
Russ,unknown
GoldLink,unknown
The Greatest Bits,unknown
The National,indie rock
George Thorogood & The Destroyers,classic rock
Megan Thee Stallion,unknown
Epic Rap Battles of History,comedy
U-Roy,reggae
Little Richard,rockabilly
Generation X,unknown
Eric Carmen The Non Binary Sandman,unknown
Arizona Zervas,unknown
Aleph-1,glitch
Arvid Häggström,unknown
Bad Suns,unknown
John Lennon,christmas
El Super Hobby,cumbia
Tu Papa,cumbia
Charlton Heston,unknown
Palo Pandolfo,argentine rock
Maia Mitchell,unknown
M-Clan,unknown
The Neighbourhood,unknown
Marvin Berry,unknown
Supertramp,progressive rock
Tom Petty and the Heartbreakers,classic rock
Sade,unknown
Chicago,soft rock
Kenny G,smooth jazz
Perry Como,christmas
PJ Morton,neo soul
Steppenwolf,classic rock
M83,unknown
Cristian Castro,latin pop
Mart'nália,samba
Moloko,trip hop
Vanilla,lo-fi beats
Bucks Fizz,unknown
Muse,alternative rock
"quickly, quickly",lo-fi
KALEO,unknown
Chorus - Hercules,unknown
aLee DJ,unknown
bôa,unknown
Mc Danone,funk de bh
Andy Williams,christmas
Zion & Lennox,reggaeton
Planet or Plastic?,unknown
Vinícius,bossa nova
Ski Mask The Slump God,unknown
Vilma Palma e Vampiros,rock en español
ROSE BEAT,unknown
Carl Douglas,unknown
Daddy Yankee,reggaeton
Harmonia & Eno '76,krautrock
Ram Jam,southern rock
A Flock Of Seagulls,new wave
Tim Maia,mpb
Buddy Guy,blues
Joan Manuel Serrat,trova
Enrique Iglesias,latin pop
Makano,reggaeton
The 8-Bit Big Band,big band
Big Yamo,reggaeton
Kale “La Evolución”,unknown
Bob Seger,classic rock
Robben,unknown
Alex Rose,trap latino
The Kid LAROI,unknown
MC Fioti,funk
Fred Mollin and the Blue Sea Band,boogie-woogie
ELIO,unknown
Anderson .Paak,unknown
Giuseppe Verdi,opera
Billy Cobham,jazz fusion
Revol,trap latino
JAY-Z,hip hop
Kina,unknown
Linkin Park,nu metal
Brian Lanzelotta,cumbia
Conociendo Rusia,latin indie
Cory Henry,retro soul
Count Basie,big band
Neil Hannon,unknown
Ases Falsos,latin rock
Charles Givings,unknown
Varra,jazz fusion
The Internet,alternative r&b
Pitbull,unknown
Sabrepulse,unknown
4 Non Blondes,unknown
Alex Zurdo,christian
Nene Malo,cumbia
Cindy Bullens,musicals
Grateful Dead,psychedelic rock
Selena Gomez & The Scene,unknown
Lali,unknown
A$AP Rocky,rap
Los Yetis,unknown
Dalex,reggaeton
USHER,r&b
Conan Gray,unknown
Jaymes Young,unknown
Richard Coleman,argentine rock
Lee Ritenour,smooth jazz
Mano Arriba,cumbia
Alexis y Fido,reggaeton
Wintrz!,unknown
Gabry Ponte,slap house
Jx.Zero,unknown
Neil Young,classic rock
Wu-Tang Clan,east coast hip hop
Cymande,afrobeat
Canserbero,latin hip hop
Vinícius de Moraes,bossa nova
Mount Royal Orchestra,pirate metal
Jason Mraz,soft pop
Kim Carnes,unknown
Sofía Gabanna,latin hip hop
Noisettes,unknown
Passenger,folk pop
The Housemartins,jangle pop
Hudson Mohawke,unknown
Martin Miller,unknown
Chali 2na,unknown
Starlight Orchestra,neue deutsche welle
Coopex,slap house
Avalon,psytrance
LMFAO,unknown
Dancing Mood,ska
Ashley Tisdale,unknown
Charles Wright & The Watts 103rd Street Rhythm Band,unknown
Donny Osmond,unknown
Ray Parker Jr.,unknown
Chernikovskaya Hata,post-punk
Gunna,melodic rap
Cream,classic rock
ECKO,rkt
Gus Dapperton,bedroom pop
pewdiepie,unknown
Yola,retro soul
Air,trip hop
Fobia,rock en español
Andy Grammer,unknown
Jaden,unknown
Cody Fry,unknown
Banda Original Columbia,unknown
Ludwig van Beethoven,classical
Sonny Rollins,hard bop
Ariana Grande,pop
Marty McFly,unknown
Dani Cejas,rkt
Simon & Garfunkel,folk rock
DJ MRK,turreo
Still Woozy,bedroom pop
Damián Córdoba,cuarteto
Wiz Khalifa,rap
Spice Girls,unknown
Weld,norwegian pop
Antônio Carlos Jobim,bossa nova
Thundercat,unknown
Casa De Leones,reggaeton
Edward Maya,unknown
((( O ))),unknown
CoryaYo,jazz rap
o k h o,lo-fi
Quincy Jones,soul jazz
Counting Crows,unknown
Rosario Serafin,unknown
George Duke,jazz funk
Broken Bells,unknown
Dizzee Rascal,grime
Alma Bella,unknown
Starship,unknown
Giveon,
Pasandola Bomba,cumbia
Bobby Womack,soul
Benzz,uk drill
The Wonders,unknown
Chico Buarque,mpb
"""Weird Al"" Yankovic",comedy
Jodi Benson,unknown
Nat King Cole Trio,vocal jazz
Dickey Betts,southern rock
Mark Mendy,unknown
Becky G,reggaeton
The Outfield,unknown
Amar Azul,cumbia
The Guess Who,classic rock
Nick Jonas,unknown
Steven Universe,unknown
Maxine Nightingale,unknown
Indios,latin indie
B. E. King,unknown
C418,unknown
Bully,unknown
Loca People,unknown
Sticky Fingers,surf rock
Wisin & Yandel,reggaeton
Halestorm,unknown
Dominik Hauser,unknown
Josh Gad,musicals
Lalo Ebratt,reggaeton
Ross Lynch,unknown
Kinder Malo,unknown
Kupla,lo-fi
Elia y Elizabeth,unknown
Jeff Beck,jazz fusion
Danny DeVito,unknown
Dj Panda Boladao,phonk
OMI,unknown
Tinariwen,gnawa
Memphis La Blusera,argentine rock
Village People,disco
PNAU,unknown
The Barden Bellas,unknown
MC Pat Flynn,unknown
F.R. David,unknown
Ugly Kid Joe,glam metal
Ango,hard house
Marcus Miller,jazz fusion
C.R.O,argentine trap
Black Box,eurodance
Kevin Johansen,latin folk
Melo.Kids,unknown
Texas,unknown
Megadeth,thrash metal
The Wallflowers,unknown
DragonForce,power metal
Girl Talk,unknown
Lady Wray,retro soul
Commodores,motown
Sael,urbano latino
Raphael Saadiq,neo soul
Volt Boy,unknown
ABC,new wave
Hans Zimmer,soundtrack
When In Rome,new wave
Quiet Riot,glam metal
The Five Stairsteps,unknown
24kGoldn,unknown
STRFKR,unknown
Rob Base & DJ EZ Rock,hip house
Danny Wilson,unknown
Dusty Springfield,unknown
Handsome Boy Modeling School,trip hop
UB40,reggae
B.o.B,unknown
Bronski Beat,synthpop
Tom Walker,unknown
Cutting Crew,unknown
Traumton,lounge
MC Kevinho,funk
Angelica Vale,unknown
Los Totora,cumbia
El Italiano,argentine trap
De La Ghetto,reggaeton
Flo Rida,unknown
Nick Johnston,djent
Illya Kuryaki & The Valderramas,rock en español
Tomas Chris,indie rock
The Soul Sensation,unknown
Tommy Tutone,unknown
EMF,madchester
Ne-Yo,unknown
The Communards,hi-nrg
ScHoolboy Q,unknown
Neil Zaza,unknown
D-Enyel,reggaeton
Rels B,urbano latino
Arthur Conley,northern soul
Locura Mix,rkt
The Pioneers,rocksteady
BENEE,unknown
The Jamaican Reggae Boys,unknown
Cruzando El Charco,argentine rock
Kempi,unknown
Disney Kids Band,unknown
DJ Yayo,rkt
Pappo's Blues,argentine rock
Carlos Rivera,latin pop
MC's Jhowzinho & Kadinho,funk
David Lee Roth,glam metal
Mala Rodríguez,latin hip hop
Edward Elgar,classical
The Contours,motown
El Gran Silencio,rock en español
Grupo Play,cumbia
Claire Rosinkranz,unknown
RuthAnne,unknown
Rauw Alejandro,reggaeton
Old Man Saxon,unknown
King's X,funk rock
Roxy Music,glam rock
The Presidents Of The United States Of America,grunge
Billy Eichner,unknown
Screen Jazzmaster,lo-fi beats
Jim Horn,unknown
Mary Costa,unknown
Zara Larsson,unknown
Grand Funk Railroad,classic rock
LIT killah,argentine trap
Lee Morgan,hard bop
Roger Bart,unknown
Nico & Vinz,unknown
Cher,unknown
Cavetown,bedroom pop
Fastball,unknown
Vitamin String Quartet,orchestra
LUM!X,slap house
Level 42,synthpop
SZA,r&b
The Band,folk rock
Macklemore,unknown
Tokischa,dembow
Urge Overkill,unknown
De Jeugd Van Tegenwoordig,nederpop
Sofi de la Torre,unknown
Los Dug Dug's,mexican rock
New Order,new wave
Jonah Nilsson,unknown
Los Nemus Del Pacifico,salsa
BJ The Chicago Kid,neo soul
Wild Cherry,unknown
Lucky Luciano,latin hip hop
K'NAAN,unknown
Gilberto Gil,mpb
Robin Schulz,tropical house
Chico Rose,slap house
Oscar D'León,salsa
Joe Cocker,unknown
The Lost Fingers,swing music
The Romantics,power pop
Racer X,speed metal
Nonpalidece,spanish-language reggae
Alicia Keys,r&b
Dj Lauuh,rkt
ZZ Top,southern rock
Viejas Locas,argentine rock
Ulises Bueno,cuarteto
Super Yei,reggaeton
NAFTA,unknown
DJ Top Gun,unknown
Phay,unknown
Danny Ocean,reggaeton
The Gregg Allman Band,southern rock
DJ Luc14no Antileo,rkt
Kristofer Maddigan,soundtrack
The Bar-Kays,funk
Ivan Noble,argentine rock
KEVIN ROLDAN,reggaeton
The Lonely Island,comedy
Los Gatos,argentine rock
Funkadelic,funk rock
Coti,argentine rock
John Paesano,soundtrack
KAROL G,reggaeton
Bakar,unknown
Swedish House Mafia,edm
Plini,djent
Fandom,unknown
Litto Nebbia,argentine rock
TV Theme Song Library,unknown
Sonido De La Costa,cumbia
Orquesta Ritmo De Sabanas,unknown
Gal Costa,mpb
[bsd.u],lo-fi
Free Nationals,unknown
Louis Tomlinson,unknown
Pimp Flaco,unknown
NATTI NATASHA,reggaeton
James Marsden,musicals
eery,lo-fi
Steve Petrunak,unknown
Peter Frampton,classic rock
Shotgun Willy,meme rap
Los Bunkers,latin rock
to-be,unknown
Backstreet Boys,unknown
The Surrealist,math rock
Pete Rodriguez,cha cha cha
TheFatRat,unknown
eevee,lo-fi
Don Osvaldo,argentine rock
Clairo,bedroom pop
King Crimson,progressive rock
Charly García & The Prostitution,unknown
standards,math rock
Reykon,reggaeton
King Kobra,album rock
Olly Murs,unknown
Tchakabum,axé
Bob Dylan,folk rock
Shakira,latin pop
The Fray,unknown
Young Martino,trap latino
Ricky Martin,latin pop
Peter Tosh,reggae
Los Latinos,unknown
Darell,reggaeton
Selena Gomez,pop
2CELLOS,unknown
The Last Shadow Puppets,baroque pop
Hippo Campus,unknown
Ryan,unknown
Axel Black & White,unknown
No Doubt,unknown
Klezmer Music,unknown
Arcángel,reggaeton
Blood Orange,art pop
Kim Wilde,unknown
Joel Corry,dance pop
Sushisingz,unknown
ACRAZE,tech house
Django Reinhardt,swing music
Tony Dize,reggaeton
The Moody Blues,progressive rock
The Crimson Big Movie Orchestra,unknown
ROSALÍA,latin
Lea Salonga,unknown
Nena,neue deutsche welle
Jennifer Lopez,unknown
DEVO,new wave
Mariah Carey,christmas
Joe Walsh,classic rock
Dabeull,nu disco
Band Of One,unknown
Los Musiqueros,lullaby
C. Tangana,unknown
Kali Uchis,unknown
Rainy Mood,unknown
Wet Wet Wet,unknown
La 25,argentine rock
Dame 5,cumbia
Logic,unknown
Luck Ra,cuarteto
Nappy Roots,southern hip hop
Simply Red,unknown
Disturbing Tha Peace,unknown
Jerry Herman,musicals
Barry White,disco
Jósean Log,mexican indie
Nathan Lane,unknown
Motörhead,heavy metal
My Chemical Romance,emo
Poolside,nu disco
Athletic Progression,nu jazz
Shawn Lane,jazz fusion
Los Claxons,unknown
Modjo,french house
Zato DJ,turreo
Muddy Waters,blues
Bobby McFerrin,unknown
NIVEK,hypertechno
Israel Kamakawiwo'ole,unknown
Agapornis,cumbia
Roberto Goyeneche,tango
Nara Leão,bossa nova
Rex Orange County,bedroom pop
Mario,r&b
Julio Sosa,tango
Keith David,unknown
Sonic Scenario,unknown
Herbie Hancock,jazz
Predu2k,unknown
Philip Glass,minimalism
glophia,unknown
Shaun Martin,jazz fusion
Gnarls Barkley,unknown
The Brothers Johnson,disco
Oingo Boingo,new wave
Peteco Carabajal,folklore argentino
Earthquake Lights,unknown
James Monroe Iglehart,musicals
blameF,unknown
Dmitri Shostakovich,classical
Smino,unknown
Celeste Carballo,argentine rock
Blake Mills,unknown
Abril Chiro,unknown
Tavares,disco
Culture Club,unknown
Bryan Ferry,glam rock
Aloe Blacc,unknown
Taiu,argentine trap
Grupo Niche,salsa
Haddaway,eurodance
The Offspring,punk
Dizzy Gillespie Quintet,bebop
James Brown & The Famous Flames,unknown
Denzel Curry,punk rap
Kraak & Smaak,nu disco
Mueka,trap latino
Pedro Capó,latin pop
Geto Boys,southern hip hop
Big Mountain,reggae
Dr. Hook,unknown
SoulChef,jazz rap
Live,post-grunge
Los Leyenda Valdés,cumbia
Sech,reggaeton
Yo Gotti,memphis rap
Whethan,unknown
Pregnant Boy,unknown
Jonathan Ansell,unknown
Nohidea,lo-fi
Scott Walker,baroque pop
Joni Mitchell,folk
Sarah McLachlan,unknown
JID,unknown
Buknas De Culiacan,corrido
MC's Zaac,funk
Fools Garden,unknown
KHEA,argentine trap
Fran Argiro,unknown
lilac frog,unknown
Carlitos Rossy,reggaeton
System Of A Down,nu metal
Don McLean,unknown
Ditter,unknown
London Voices,unknown
The Whitest Boy Alive,unknown
The Staple Singers,soul
Kelly Valleau,unknown
The Aristocrats,jazz fusion
The Script,unknown
Carlos Gardel,tango
L.A. Guns,glam metal
Michelle Pfeiffer,musicals
Pyotr Ilyich Tchaikovsky,classical
GAYLE,unknown
Tom Petty,classic rock
BØRNS,unknown
Michael Amani,unknown
Carlos Baute,latin pop
Brother Strut,jazz funk
Residente,latin hip hop
Maria Becerra,argentine trap
SR,uk drill
Damian Oliver,unknown
Perotá Chingó,latin folk
DMX,east coast hip hop
Drew Seeley,unknown
Justin Quiles,reggaeton
Accept,heavy metal
Gipsy Kings,flamenco
Don Patricio,unknown
elinex,unknown
M|O|O|N,synthwave
Bacilos,colombian pop
The Magic Gang,unknown
Phillip Phillips,folk pop
Serengeti,experimental hip hop
MARINA,unknown
Cyndi Lauper,unknown
León Gieco,argentine rock
CORBAL,unknown
Rag'n'Bone Man,unknown
La Máquina Disco,unknown
Tundra Beats,lo-fi beats
Syd Barrett,psychedelic rock
Onur Atli,unknown
Mercedes Sosa,trova
Fms Arg,unknown
Vox Dei,argentine rock
Busta Rhymes,east coast hip hop
Billy Boyd,unknown
Minutemen,post-punk
Ayo & Teo,unknown
DJMashup,unknown
LOAN,unknown
Peabo Bryson,quiet storm
Edwin Starr,northern soul
Don Toliver,unknown
Keith Jarrett,jazz
Benny Golson,hard bop
Fifth Harmony,unknown
Fella,slap house
Cardi B,unknown
Liam Payne,unknown
The Frondeurs,space rock
Cheap Trick,power pop
Joji,unknown
Rodney Atkins,country
Sports,unknown
Sharon Jones & The Dap-Kings,retro soul
Lee Fields & The Expressions,retro soul
The Avalanches,unknown
Heart,classic rock
Baby Rasta & Gringo,
Juan Gabriel,mariachi
Starley,unknown
Wings,unknown
Saxon,heavy metal
David Ryan Harris,unknown
Sammy & Falsetto,reggaeton
Aluna,unknown
Chapa C,reggaeton
Wham!,christmas
Johnny Maestro & Brooklyn Bridge,doo-wop
BROCKHAMPTON,unknown
John Lee Hooker,blues
Bandalos Chinos,latin indie
Phantogram,unknown
El Kuelgue,argentine rock
Joe Jackson,new wave
Miranda Cosgrove,unknown
Alex Aster,unknown
Pop Star,unknown
B.B. King,blues
Loi,unknown
Hampton Hawes Trio,hard bop
Klangkarussell,unknown
Unknown Mortal Orchestra,psychedelic pop
Rainbow,hard rock
Kota the Friend,unknown
Ricky Montgomery,unknown
Ron Grainer,unknown
John Mellencamp,classic rock
Tujamo,unknown
Naughty Boy,unknown
Jethro Tull,progressive rock
Mitski,unknown
The Fanatics,unknown
Los Amigos Invisibles,rock en español
Theo Katzman,retro soul
Feid,reggaeton
The Zutons,unknown
Yann Tiersen,unknown
MC L da Vinte,funk de bh
La Champions Liga,cumbia
Oscu,argentine trap
Tomi DJ,rkt
 VK Blanka,
Hozier,unknown
Vangelis,new age
Richard M. Sherman,unknown
El Polaco,cumbia
Imanbek,slap house
Anita Ward,disco
Pentatonix,christmas
Victoria Beckham,uk garage
Troye Sivan,unknown
Boz Scaggs,album rock
Willie Nelson,country
PANKIDZ,hypertechno
Poylow,slap house
bbno$,meme rap
Manu Chao,latin alternative
Michael Bublé,christmas
Mick Jenkins,jazz rap
Jack Stauber's Micropop,unknown
Charli XCX,
Diana Ross,motown
Bassnectar,dubstep
Deyco,unknown
Manuel Wirzt,argentine rock
James Gang,classic rock
Michael Schenker Group,hard rock
Corbin Bleu,unknown
Gym Class Heroes,unknown
MC G15,funk
Free,classic rock
Ziggy Marley & The Melody Makers,reggae
1915,latin indie
Weste,latin indie
Milo j,argentine trap
Rick and Morty,unknown
TOBACCO,experimental hip hop
Julieta Venegas,latin pop
Stevie Nicks,unknown
Mumford & Sons,folk
La Nueva Luna,cumbia
Michael Brecker,jazz
98º,unknown
Robin Williams,comedy
Guasones,argentine rock
John Popper & The Duskray Troubadours,classic blues
Pantera,groove metal
ASKØ,unknown
Jorge Drexler,trova
Omara Portuondo,son cubano
Ty Dolla $ign,unknown
Joseph Trapanese,soundtrack
Simple Minds,new wave
Trinix,unknown
Callejero Fino,rkt
Edmundo Rivero,tango
Heatwave,disco
Raquel Rodriguez,neo soul
Jewel,unknown
Traveling Wilburys,unknown
Reggaeton Latino,reggaeton
Erroll Garner,jazz
BURNS,unknown
Psirico,pagode baiano
Ludwig Göransson,soundtrack
Gusttavo Lima,sertanejo
Chiqui Chiquititos,unknown
Crewrod,latin alternative
D'Angelo,neo soul
Leila Martin,christmas
Gesaffelstein,unknown
Mesita,rkt
Jonas Brothers,unknown
MadeinTYO,unknown
JESSIA,unknown
疗愈音律,unknown
Chick Corea Elektric Band,jazz fusion
Carly Rae Jepsen,unknown
Kodak Black,unknown
Justo Antes de la Guerra con los Esquimales,latin indie
Triple M,future house
Iggy Pop,proto-punk
Lil Boom,meme rap
Lauv,unknown
Lé Mon,lo-fi beats
jxdn,pop punk
"Spinetta, García, Ferrón",argentine rock
Marcianos Crew,argentine trap
Samuel Kim,anime
dodie,unknown
Powfu,unknown
Shakka,unknown
Curren$y,southern hip hop
Romantic Restaurant Music Crew,unknown
La Ley,rock en español
BB ASUL,neoperreo
zzoilo,latin pop
Corona,eurodance
Kungs,unknown
DJ Pirata,guaracha
Jerry Lee Lewis,rockabilly
Bobby Timmons Trio,hard bop
Mayer Hawthorne,retro soul
Toquinho,bossa nova
Cordae,unknown
Phonk Beats,brazilian phonk
Tanja Thomas,unknown
Giorgio Gee,slap house
benny blanco,unknown
Olivia Rodrigo,unknown
Guru,jazz rap
Juan Quin y Dago,cumbia
Bitman & Roban,latin indie
Thom Yorke,unknown
ACRU,latin hip hop
Noname,alternative r&b
Caroline Smith,unknown
Aviões do Forró,forró
The TV Theme Players,unknown
Rob Scallon,math rock
Brytiago,trap latino
Enur,unknown
Elvis Costello & The Attractions,new wave
KOVA,unknown
Terrace Martin Presents The Pollyseeds,nu jazz
Bahari,nightcore
Jungle Fire,latin afrobeat
AmaLee,anime
Pusho,reggaeton
America,soft rock
Pandaraps,unknown
girl in red,bedroom pop
Brooksie,unknown
Uppermost,french house
George Ezra,unknown
$uicideboy$,dark trap
DJ Jazzy Jeff & The Fresh Prince,unknown
Brusco,unknown
Iyaz,unknown
Agust1n,argentine trap
Akapellah,latin hip hop
Roosevelt,nu disco
iNi Kamoze,reggae
Stromae,french pop
Kidsongs,christmas
Martin Landh,unknown
Skegss,surf rock
Dani Ribba,argentine trap
Tank,r&b
Bass Boosted HD,bass music
Bananarama,hi-nrg
Yokomeshi,lo-fi
Marimba Man,unknown
P!nk,unknown
Los Caligaris,ska
Hr. Troels,unknown
The Mamas & The Papas,folk rock
Owl City,unknown
Cinemascore Ensemble of Pasadena,unknown
Carpenters,christmas
Velvet Revolver,grunge
Madison Beer,unknown
blink-182,pop punk
Emus DJ,cumbia
George Wilkins,unknown
Queen Latifah,musicals
Delano,funk
Molotov,rock en español
Liquid Tension Experiment,progressive metal
Chris de Burgh,soft rock
Yaviah,reggaeton
Julianne Hough,musicals
Alemán,mexican hip hop
London Symphony Orchestra,classical
Supermerk2,cumbia
Refused,hardcore punk
Fleur East,unknown
DJ Kessler,unknown
Whitney Houston,unknown
Ashnikko,unknown
Lin-Manuel Miranda,musicals
Amenazzy,trap latino
Carly Simon,unknown
Dog's Eye View,unknown
Nico Servidio DJ,turreo
Grupo Verzace,merengue
Natalie Cole,quiet storm
Majestic,unknown
DRAM,unknown
Cris Mj,reggaeton chileno
Midel,argentine trap
Sofia Mills,unknown
Eitan Masuri,unknown
Loren,argentine trap
Corta La Bocha,cumbia
Alexio,reggaeton
Ruben Rada,unknown
H.E.R.,r&b
The Forty Licks,unknown
Florence + The Machine,baroque pop
Fran Sfeir,unknown
Dalila,cumbia
Hugo Del Carril,tango
Andrea Álvarez,argentine rock
James Arthur,soft pop
John Wasson,jazz
Sungazer,jazz fusion
Edward Sharpe & The Magnetic Zeros,unknown
Warrant,glam metal
Moby,downtempo
Extreme,glam metal
Moneybagg Yo,memphis rap
Migrantes,cumbia
Luis Salinas,folklore argentino
Young Money,unknown
Leony,unknown
Les Rythmes Digitales,big beat
The Treblemakers,unknown
Nu Shooz,freestyle
Krister & Dalbani,lounge
Aaron Tveit,musicals
Billy Marchiafava,meme rap
Pond,psychedelic rock
Edith Whiskers,unknown
Papacho Mc Caco,
Glaceo,unknown
Skylar Grey,unknown
Gusty dj,rkt
"Crosby, Stills & Nash",folk rock
Pi’erre Bourne,melodic rap
Bow Wow,r&b
LIUFO,slap house
The Bamboos,jazz blues
THE ANXIETY,unknown
Frankie Valli,unknown
Woody and Jeremy,unknown
Welinton Quiw,unknown
The Roots,east coast hip hop
The Jon Spencer Blues Explosion,garage rock
j^p^n,lo-fi
Arz,uk drill
keloqz,unknown
Estrategas,cumbia
Francine Gaétane,unknown
Wheatus,unknown
Meek Mill,rap
Jowell & Randy,reggaeton
The Herbaliser,trip hop
Meredith Brooks,unknown
Sleepy Hallow,brooklyn drill
Anthony Gonzalez,unknown
Bodeans,roots rock
Pablo Chill-E,chilean trap
Dualities,unknown
Tinlicker,melodic house
Alien Ant Farm,nu metal
SUPER JUNIOR,k-pop
Poppy,unknown
Young Bull,west coast hip hop
Kiddo Toto,argentine trap
Alex Sensation,reggaeton
Jason Weaver,unknown
Roz Ryan,unknown
Topo Gigio,lullaby
Key Glock,memphis rap
The Dear Hunter,progressive rock
Eruca Sativa,argentine rock
William DeVaughn,philly soul
Kids R Us Band,unknown
Aquelarre,argentine rock
Pop Smoke,brooklyn drill
FEL!X,slap house
Mura Masa,unknown
Junior Senior,unknown
Ludovico Einaudi,neoclassical
Nine Sparks Riots,jazz funk
Bazzi,unknown
Violent Femmes,folk punk
Percy Sledge,motown
Ovy On The Drums,reggaeton
Cut Chemist,trip hop
Ten Years After,blues rock
Lynde,jazz beats
Perro Primo,rkt
Ricardo Arjona,latin pop
The Pb Underground,unknown
The Unauthorized Bash Brothers Experience,comedy
Cypress Hill,west coast hip hop
J. Cole,rap
The Winery Dogs,hard rock
The Beach Boys,baroque pop
Wang Chung,new wave
Delta Heavy,drum and bass
La Mona Jimenez,cuarteto
DJ Seba Vallejos,rkt
BØJET,lo-fi
Peter Gregson,neoclassical
Blinded Hearts,unknown
Prefab Sprout,unknown
Relaxation Jazz Academy,cool jazz
M2H,unknown
Yo.Soy.Rey,latin hip hop
The Dead Daisies,hard rock
V.I.C,unknown
Harold Melvin & The Blue Notes,philly soul
Cazzu,argentine trap
Cal Tjader,latin jazz
Felly,unknown
Uriah Heep,progressive rock
Labi Siffre,unknown
Juni Tinley,unknown
Barry Manilow,adult standards
j mena,cuarteto
DVRST,phonk
Styx,classic rock
Clearside,unknown
Blood Brothers,gabber
Mike Bahía,colombian pop
Pecun,lo-fi beats
Trio America,bolero
Sixpence None The Richer,unknown
Parcels,unknown
Handbook,lo-fi beats
The Cab,unknown
Ke Personajes,cumbia
Mikel,lo-fi
Josefus,acid rock
Liquid Liquid,post-punk
Jidanofu,drift phonk
Will Smith,unknown
Fujitsu,lo-fi beats
Yves V,slap house
Music Falcon,unknown
Marilina Bertoldi,argentine rock
Los Korucos,ska
David Gilmour,progressive rock
Maxwell,neo soul
Juan Magán,reggaeton
Abel Pintos,folklore argentino
S3BZS,phonk
Daniel Powter,unknown
Jóvenes Pordioseros,argentine rock
21 Savage,unknown
Want to Want Me,unknown
Shaggy,reggae
Danny Elfman,soundtrack
Wynton Marsalis Septet,unknown
Céline Dion,variété française
Ventino,colombian pop
Stealers Wheel,unknown
Jalen McMillan,unknown
Frank Zappa,progressive rock
Jessie J,unknown
Mambo DJ,rkt
Yami Safdie,unknown
Lunay,reggaeton
Lindsey Buckingham,unknown
Adam Hicks,unknown
Josh Richards,unknown
MKTO,unknown
Taio Cruz,unknown
Lofi.Lavito,unknown
Robert Palmer,unknown
Isaiah Rashad,unknown
Dan Hartman,disco
Sammy Hagar,glam metal
AX 13,cumbia
Jesse McCartney,unknown
Glen Campbell,unknown
The Jam,punk
Snakehips,unknown
Nine Inch Nails,industrial rock
La Sonora Yarana,unknown
Steve Aoki,electro house
The Edgar Winter Group,classic rock
Gabriel Allende,mariachi
Paco de Lucía,flamenco
Pedro Bromfman,unknown
Maria Bethânia,mpb
Laura Dreyfuss,musicals
CAKE,alternative rock
La Renga,argentine rock
Colbie Caillat,unknown
Nathan East,smooth jazz
Avishai Cohen,jazz
Young the Giant,unknown
Home,vaporwave
Miguel,r&b
Paku YK,unknown
KALUMA,unknown
your best friend jippy,unknown
Jorja Smith,unknown
Swell,unknown
The Revivalists,unknown
Love Regenerator,unknown
King Gizzard & The Lizard Wizard,psychedelic rock
Deorro,melbourne bounce
Samsa,unknown
Cantando con Adriana,lullaby
COIN,unknown
Ray J,unknown
Florian Picasso,future house
NF,christian hip hop
Prince Royce,bachata
Sarah Vaughan,vocal jazz
Stephen,unknown
Abraham Mateo,unknown
Steve ´n´ Seagulls,bluegrass
Alan Silvestri,soundtrack
G3oboy,unknown
Rei,argentine trap
Terry Riley,minimalism
Yao Cabrera,unknown
Owane,djent
Mike Perry,tropical house
Missy Elliott,hip hop
Zoé,rock en español
Reponix,unknown
Blown Speakers,jazz beats
St Germain,jazz house
Lil Memer,meme rap
Baby Keem,unknown
Donny Hathaway,soul
Gordon Goodwin's Big Phat Band,big band
Soul Asylum,alternative rock
Jay Hardway,big room
Chandler Leighton,melodic bass
Luciano Pavarotti,opera
Dimitri Vegas,unknown
Estelle,unknown
Petit Biscuit,unknown
salem ilese,unknown
2Hounds,hypertechno
TINI,latin pop
Wisin,reggaeton
The Dip,retro soul
Billy Ray Cyrus feat. Miley Cyrus,unknown
Mala Fama,cumbia
Gustavo Santaolalla,soundtrack
Slavik Pogosov,unknown
Jackson Browne,folk rock
The Drifters,doo-wop
Arcade Player,unknown
Robert Glasper,neo soul
A-Wall,bedroom pop
Dovydas,unknown
Huntingtons,punk
Basement Jaxx,big beat
The Cardigans,unknown
Elenco de Soy Luna,unknown
Lost Frequencies,tropical house
De La Calle,cumbia
Talk Talk,new wave
Anne Hathaway,musicals
Katherine Jenkins,opera
Lamar Azul,jazz rap
Patrick Carney,unknown
Party Pupils,unknown
Smokey Robinson & The Miracles,motown
Ace Frehley,glam metal
Billy Ocean,unknown
Duko,argentine trap
Eli Almic,latin hip hop
Tones And I,unknown
N.E.R.D,unknown
La Reserva,cumbia
Indio Solari,argentine rock
Britt Lari,tropical house
Death Cab for Cutie,unknown
Primus,funk rock
Crumb,psychedelic pop
Davus,unknown
Boza,reggaeton
Fitz and The Tantrums,unknown
Smoodmood,jazz beats
Dei V,trap latino
T. Rex,glam rock
Kesha,unknown
John Legend,soft pop
HM Surf,lo-fi
The Velvet Underground,proto-punk
Cami,latin pop
Mychael Danna,soundtrack
Danna Paola,unknown
Mick Jagger,unknown
Dynel,unknown
Edoardo Bennato,italian singer-songwriter
Astrud Gilberto,bossa nova
Bruses,unknown
Jimmy Somerville,hi-nrg
MC Bruninho,brega funk
Arem Ozguc,turkish pop
James Hype,house
Roddy Ricch,melodic rap
Leon Bridges,retro soul
The FifthGuys,unknown
Mak Donal,cumbia
Feeder,britpop
The Specials,ska
DJ Luian,reggaeton
Supergrass,britpop
The Big Bopper,rockabilly
Self,unknown
Buffalo Springfield,folk rock
Pariisin Kevät,finnish pop
Johann Pachelbel,unknown
Sergio Mendes & Brasil '66,bossa nova
Sir Mix-A-Lot,unknown
Enero,cumbia
Swimming Paul,stutter house
Skay Beilinson,argentine rock
Tom Odell,unknown
TOPS,unknown
Cameron Diaz,unknown
Maurice Ravel,classical
XXXTENTACION,emo rap
HAWK.,slap house
Nacho,reggaeton
The Growlers,surf rock
DrefQuila,chilean trap
Trevor Daniel,unknown
Sam Smith,soft pop
L-Gante,rkt
St. Paul & The Broken Bones,retro soul
Goran Bregović,unknown
Faces,glam rock
Sister Hazel,unknown
Limp Bizkit,nu metal
Harry Nach,chilean trap
Sin Ensayo,cumbia
Ron Gallo,garage rock
Pueblo Cafe,latin hip hop
Hoodie Allen,unknown
Big Sean,unknown
Carolyn Wonderland,blues
BAMBI,unknown
Yera,colombian pop
Angel Ceremony,unknown
Thompson Twins,new wave
Danny Berrios,christian
"Pekeño 77, Cazzu, Neo Pistea, C.R.O, Bhavi, Homer El Mero Mero, Ruben Rada",unknown
Jonathan Richman,proto-punk
Los Gardelitos,argentine rock
Phoebe Katis,unknown
Emmanuel Horvilleur,argentine rock
Bruno Coulais,unknown
James Blunt,unknown
Papichamp,rkt
Alok,brazilian bass
Focus,progressive rock
Us3,acid jazz
La Factoria,reggaeton
Raymix,cumbia sonidera
Chill Hip-Hop Beats,lo-fi
United Artists,unknown
Agus Padilla,argentine trap
Sage The Gemini,hyphy
Indigga,unknown
Mike + The Mechanics,soft rock
G-POL,future house
"Grover Washington, Jr.",soul jazz
Canto 4,folklore argentino
CKay,afrobeats
Kardinal Offishall,unknown
Linval Thompson,roots reggae
Alex Army Aiono,unknown
Hello Moonlight,unknown
DayBright,unknown
Material,post-disco
Hombres G,rock en español
half•alive,unknown
Sandra Mihanovich,argentine rock
ArrDee,uk drill
MASN,unknown
Busty and the Bass,retro soul
Hercules & Love Affair,unknown
Mellow dive,lo-fi beats
Lea Michele,musicals
Gio Pika,unknown
Nathanael Lloyd,unknown
Migos,trap
Celeste,unknown
lolet,unknown
Various Artists,champeta
Stephen Barton,soundtrack
Dean Martin,christmas
Dance Gavin Dance,post-hardcore
Måneskin,unknown
Danny Paz,unknown
Mujo,lo-fi
Tomy DJ,rkt
Luca Bocci,latin indie
Emily Rubye,unknown
Bad Company,classic rock
Big Time Boys,unknown
The Fleetwoods,doo-wop
Freddie Mercury,unknown
Naeleck,electro house
Tirri La Roca,rkt
Natiruts,reggae
ONEIL,slap house
Relaxing Music Jazz Universe,cool jazz
Mariana Cincunegui,unknown
Waka Flocka Flame,unknown
Sofía Reyes,latin pop
Alex Gargolas,reggaeton
Billie Holiday,jazz
Yandel,reggaeton
Laidback Luke,big room
London Philharmonic Orchestra,classical
Avril Lavigne,unknown
Sam Greenfield,jazz funk
PARTYNEXTDOOR,r&b
The Rebirth,acid jazz
Brian Wider,unknown
Cuco,bedroom pop
Quevedo,unknown
Phoenix,indie
Maggie Lindemann,unknown
Crystal Waters,unknown
Congreso,nueva trova
Marin Hoxha,drift phonk
Jim Morrison,spoken word
MAZLIK,slap house
Robin Thicke,unknown
Rich Brian,unknown
Polimá Westcoast,chilean trap
Magnus Uggla,swedish ballads
AREA21,unknown
Air Supply,soft rock
Pink Floyd Redux,unknown
Demi Lovato,unknown
HYPHN,slap house
NOTSOBAD,slap house
Kid Rock,unknown
Googie Rene,unknown
Seinabo Sey,tropical house
Caleb and Kelsey,worship
Eyedress,unknown
Molly Hatchet,southern rock
Morrissey,britpop
P.U.L.P.O,argentine rock
Los Pamperos,bolero
Belly,unknown
Taburete,unknown
Sean Kingston,unknown
Solange,alternative r&b
Metro Boomin,unknown
Pase Libre,cumbia
Orishas,latin hip hop
Myke Towers,reggaeton
Cameo Culture,unknown
Seguridad Social,rock en español
Angel Canales,salsa
Claude Bolling,ragtime
Jacksepticeye,unknown
Londonbeat,eurodance
Traffic,acid rock
John Frusciante,unknown
Mula B,unknown
Mike WiLL Made-It,unknown
Flies on the Square Egg,unknown
Scott Standley,unknown
Victoria Justice,unknown
Fernsehserien,unknown
Barbarita Palacios,folklore argentino
Los Pequeños Diablos,lullaby
The Bellas,unknown
Sam Feldt,tropical house
Durand Jones & The Indications,retro soul
The Crystals,doo-wop
Iron Butterfly,acid rock
Gael Garcia Bernal,unknown
Dr. Fresch,g-house
Yngwie Malmsteen,neoclassical
Mawi,cumbia
Cochi e Renato,italian singer-songwriter
Hakka Mix,unknown
BM,rkt
MILIKI,lullaby
El Bordo,argentine rock
Los Nocheros,folklore argentino
Travis,britpop
The Cinematic Orchestra,nu jazz
Neon Trees,unknown
Split Enz,new wave
turabisu,unknown
MOTi,big room
Elis Regina,mpb
Eddie Vedder,acoustic rock
Tokyo Ska Paradise Orchestra,ska
Bryant Myers,trap latino
Eleven Fly,unknown
Río Roma,latin pop
La Montra,dembow
James Tucker,unknown
D.O.D,unknown
Mark Lettieri,jazz fusion
Hypaton,unknown
Bruno LC,rkt
DJ JMP,unknown
Atomic Otro Way,dembow
Nas,east coast hip hop
!!!,alternative dance
Gloria Estefan,unknown
Little River Band,soft rock
Daniel Caesar,unknown
Olivia for Now,unknown
Catbamboo,math rock
CZARFACE,unknown
Forever Came Calling,pop punk
Miúcha,bossa nova
Incognito,acid jazz
DVBBS,edm
Soledad,folklore argentino
Enrique Santos Discépolo,tango
Ñejo & Dalmata,reggaeton
mxmtoon,bedroom pop
Fother Muckers,latin indie
Montell Jordan,new jack swing
Silver Maple,unknown
Oscar Aleman,swing music
Jaeden Camstra,lo-fi
Grace Potter,unknown
Jon & Vangelis,symphonic rock
Disclosure,house
Stephen Rennicks,soundtrack
Pedro Infante,mariachi
Hank Levy,jazz
Highup,unknown
HAIM,unknown
Alllittup,unknown
Kochetkovv,unknown
Joy Again,unknown
Alberto Pedraza,cumbia sonidera
Aaron Taylor,neo soul
Gigolo Y La Exce,trap latino
Gaby,merengue
Thelonious Monk,jazz
Tim_burgandy,unknown
Dave Winnel,tech house
VGR,unknown
LUX,unknown
Jon Lajoie,comedy
Iacho,argentine trap
Lito Vitale,argentine rock
Puppet Master,unknown
Jeremy Soule,medieval
Master Q Karaoke,unknown
Olivia Newton-John,unknown
Dennis Edwards,motown
Doris Day,adult standards
Stellar,unknown
Alan Parsons,progressive rock
Rufus & Chaka Khan,funk
TwoWorldsApart,unknown
Astro,slap house
Galantis,unknown
Chon,math rock
Alvaro Soler,unknown
Young Tender,mexican indie
Bass Mekanik,bass music
Randy Crawford,unknown
Lennon Stella,unknown
Of Monsters and Men,folk pop
10cc,art rock
The Warning,unknown
MEDUZA,unknown
Anyma,melodic techno
Ólafur Arnalds,neoclassical
Galt MacDermot,unknown
John Scofield,jazz fusion
Niklas Dee,hypertechno
Toro y Moi,chillwave
Axel Caram,rkt
Ernesto Molina,mariachi
Domenico Modugno,italian singer-songwriter
French Montana,unknown
The Rounder Girls,unknown
MrRevillz,slap house
Nelly,unknown
Latto,unknown
Foals,indie
Riton,house
Oliver Heldens,future house
The Trammps,disco
André Rieu,classical
Adult Swim Smalls,unknown
Death,death metal
Edwyn Collins,britpop
Apparat,idm
Lanza Internacional,latin rock
Seven Kayne,argentine trap
Marillion,progressive rock
The OneUps,unknown
Bas,unknown
EL NOBA,rkt
Ellie Goulding,unknown
Julia Sheer,unknown
New Orleans Jazz Band,big band
Julian Lennon,unknown
"Wise ""the Gold Pen""",reggaeton
Javiielo,rkt
The Black Crowes,southern rock
Los Pibes Chorros,cumbia
Jan Erik Noske,unknown
Roy Hargrove,jazz
Magic & music orchestra,unknown
Stitches,unknown
Anuel AA,reggaeton
Jet,unknown
ZAAC,funk
Black Dyke Band,unknown
Savage Garden,unknown
Lil Kleine,unknown
Gregg Allman,southern rock
StarBoi3,unknown
Dominic Fike,unknown
Dido,unknown
Alec Benjamin,unknown
Sebastián Codex,unknown
Gwen Stefani,unknown
Aaron Frazer,retro soul
Nat Adderley,hard bop
Marilina Ross,argentine rock
LemonChamp,cumbia
Young Nudy,unknown
Porter Robinson,edm
Alfons,epadunk
Lucas & Steve,future house
Peachy!,unknown
Apollo Brown,underground hip hop
B.V.S.M.P.,funk melody
Christine D'Clario,christian
The Sh-Booms,unknown
Lucio Dalla,italian singer-songwriter
Jhayco,
Stretch,unknown
Tally Hall,unknown
Nfasis,dembow
Tom Tom Club,unknown
moow,lo-fi
The Yardbirds,psychedelic rock
Louie Ramirez,salsa
María Martha Serra Lima,bolero
Patrick Hernandez,disco
Nyu.,math rock
SALES,bedroom pop
JOYRYDE,bass house
Tom Jones,unknown
Rino Gaetano,italian singer-songwriter
Anika Nilles,jazz fusion
BANDIDO,rkt
Lil Uzi Vert,melodic rap
Voice Express,unknown
The Crusaders,jazz funk
Julián Serrano,unknown
Bhaskar,brazilian bass
Lullabyes,lullaby
SAYGRACE,unknown
The Style Council,unknown
El Soldado,argentine rock
Marty Robbins,unknown
Yusef Lateef,jazz
Roze Oficial,rkt
Owin,unknown
Antony and the Johnsons,chamber pop
Average White Band,unknown
Quarki,unknown
Music With Edgar,unknown
Gliese,eurodance
Nathan Evans,sea shanties
Cimorelli,unknown
Paula Sergio,bossa nova
Harold Faltermeyer,synthpop
Dayglow,indie rock
Alz X 38,uk drill
Churupaca,latin folk
Tee Lopes,unknown
The Psychedelic Furs,new wave
Teenage Bottlerocket,skate punk
The Everly Brothers,doo-wop
Steven Wilson,progressive rock
Rose Royce,quiet storm
swiftly,lo-fi
Masters of Sound,unknown
Nelly Furtado,unknown
Mariah Angeliq,trap latino
Lil Layth,argentine trap
Kirin J Callinan,unknown
Zendaya,unknown
Jonasu,unknown
Bridgit Mendler,unknown
Hot Chelle Rae,unknown
Bibi Babydoll,phonk
Seu Jorge,mpb
Mo-Do,eurodance
Lucas & The Woods,latin indie
Diane Warren,unknown
Marques Carroll,unknown
LilDeiry,unknown
Grupo la Cumbia,cumbia sonidera
GRAViiTY,psytrance
Fabrizio De André,italian singer-songwriter
A$AP Ferg,rap
Big Apple,rkt
James,madchester
White Town,unknown
Gábor Vermes Group,jazz funk
Manny Oquendo Y Libre,latin jazz
Skytters,big room
Caetano Veloso,mpb
RICCI,brazilian bass
Maxxim,organic house
Todo El Verano,latin indie
OTP,uk drill
Jon Bon Jovi,unknown
The Panas,cumbia
Chris Janson,country
The Big Times Rush,unknown
hateful,unknown
Michael Bolton,soft rock
Vince Staples,unknown
Golden Oldies,
The Corrs,celtic rock
HEDEGAARD,g-house
Eli & Fur,melodic house
Central Cee,uk drill
Redtenbacher's Funkestra,jazz funk
La Unión,rock en español
home grown,lo-fi beats
Harrison,deep house
Chris Jedi,trap latino
Kid Cudi,unknown
Gordon Lightfoot,folk rock
Jay Wheeler,reggaeton
Gary Numan,new wave
Madcon,norwegian hip hop
Tego Calderón,reggaeton
Axel,unknown
Mr. Belt & Wezol,future house
Cacho Castaña,tango
Lykke Li,unknown
IZA,brazilian pop
Stars On 45,disco
Matt Maltese,unknown
Fukkk Offf,electro house
Fernando Claure,pentecostal
Trent Reznor and Atticus Ross,soundtrack
ichikoro,math rock
4 Elementos,latin hip hop
LaChanze,unknown
Buckethead,unknown
Los Tetas,latin rock
Max Richter,neoclassical
Ed Maverick,mexican indie
Dr. Dog,unknown
Besomage,unknown
AURORA,norwegian pop
Mala Tuya,cumbia
Midnight Dance Party,stutter house
Bebe DJ,unknown
Brougham,rap rock
CRUISR,unknown
Dead Kennedys,punk
Dolo Fibonacci,unknown
N. L. T.,unknown
Tokio Hotel,unknown
Victoria Bernardi,unknown
Piola Vago,cumbia
UFO,hard rock
Jafunk,funky house
Scary Goldings,jazz funk
Lund,emo rap
É O Tchan,axé
"Kallde ""El Rey Del Placer""",unknown
MELON,deep house
Taron Egerton,unknown
Davie504,unknown
Alkilados,colombian pop
MOTHICA,unknown
The Replacements,power pop
Mc Livinho,funk
Rose Tattoo,hard rock
Idina Menzel,musicals
connor,jazz beats
Blind Melon,grunge
Vazquez Sounds,unknown
lil ricefield,meme rap
Pijama Party,cumbia
Neon Indian,chillwave
Roar,unknown
Fuego,trap latino
Ni'jah,unknown
NxWorries,unknown
VER:WEST,melodic house
AFROJACK,edm
The All-American Rejects,pop punk
Dylan Delato,
Super Mario 64,unknown
Echosmith,unknown
Agrupación Marilyn,cumbia
luv pug,lo-fi
Sonata Arctica,power metal
Nicky Romero,big room
Dolly Parton,country
Wale,unknown
Klezmerson,unknown
Satélite 23,argentine rock
Gente De Zona,latin
Ted Nugent,classic rock
Stone Temple Pilots,grunge
McLovin,slap house
Hour Glass,southern rock
Ella Henderson,unknown
Sol Pereyra,latin alternative
The Stanford Mendicants,unknown
DJ Jeeh FDC,funk
Ima Robot,unknown
Jack Ü,unknown
NORTH26,slap house
Ivy Queen,reggaeton
Phil Harris,unknown
VI-EM,cumbia
Spooki,disco house
Jaze,unknown
Audioslave,grunge
Konai,brazilian hip hop
Rejjie Snow,jazz rap
FPR,unknown
Musica Sacra,gregorian chant
Samba Brazilian Batucada Band,unknown
Juto,unknown
Chris Brown,r&b
The O'Neill Brothers Group,unknown
Don Miguelo,dembow
UPWARD,slap house
Landis,future house
iio,trance
Melody Gardot,vocal jazz
Majid Jordan,unknown
Tim McGraw,country
La Callejera,folklore argentino
Hilda Lizarazu,argentine rock
Madson Project.,bedroom pop
errepe,unknown
Mc Poze do Rodo,brazilian trap
RÜFÜS DU SOL,unknown
Bob & Earl,northern soul
Jackie Mittoo,rocksteady
Forever Tango,tango
The Latin Brothers,salsa
Lazy Wanderlust,unknown
Paris Carney,unknown
Kaash Paige,unknown
FloFilz,jazz rap
Chassol,unknown
FallingFriend,slap house
Luka C Markovic,banda
Anne-Marie,unknown
Don Cornelio Y La Zona,argentine rock
La Piedra Urbana,cumbia
Lena Raine,unknown
StaySolidRocky,unknown
Eddie Cochran,rockabilly
El Dipy,cumbia
Austin Mahone,unknown
Franz Liszt,classical piano
Showtek,hardstyle
Generation Love,unknown
Vicky Ramos,cumbia
Player,unknown
Sunlike Brothers,slap house
Paula Maffia,unknown
Louisa Johnson,unknown
Harry James,big band
The Movie Pops,unknown
Speaker Knockerz,unknown
Omarion,r&b
Walking Across Jupiter,djent
Gustavo Cordera,argentine rock
Ole Børud,album rock
Domo Genesis,unknown
Bruno Martini,brazilian pop
SF9,k-pop
The Platters,doo-wop
Cult To Follow,unknown
Lele Pons,unknown
Tez Cadey,tropical house
Dj Peligro,unknown
Gary Burton,jazz
Switchfoot,christian rock
The Sylvers,disco
Session Victim,jazz house
MGV Ybbs 1850,unknown
wunderkind,unknown
Our Lady Peace,post-grunge
Matias Juarez,latin r&b
"Tito ""El Bambino""",reggaeton
Tehsinapsis,unknown
Ninja Sex Party,comedy
Dream Chaser,unknown
Korobá,unknown
Los Palmeras,cumbia
Groove Armada,big beat
Joan Sebastian,banda
Princess Nokia,unknown
Arrow,math rock
Roberta Flack,adult standards
Tommy Mcgee,unknown
Claude King,traditional country
Charlie Parker,bebop
Joss Stone,neo soul
MOMO Soundz,unknown
Carly Pearce,country
Rochy RD,dembow
Ariel Posen,modern blues
The Hollies,unknown
Kapanga,argentine rock
Ed Sheeran & Justin Bieber,
Jefferson Airplane,psychedelic rock
Tribal Tech,jazz fusion
Raffaella Carrà,unknown
Nabález,colombian pop
El Potro Alvarez,merengue
Regard,unknown
Hiatus Kaiyote,neo soul
Will Sparks,melbourne bounce
Meshuggah,djent
Pema,argentine trap
Alle Farben,unknown
Macy Gray,unknown
Naomi Scott,unknown
Ant Saunders,unknown
Antonio Garcia Isaac,bolero
Kajax,unknown
Juan Ingaramo,unknown
Felix Jaehn,tropical house
Inner Wave,unknown
Megan Davies,acoustic pop
RJD2,trip hop
LP,unknown
Rory Gallagher,blues rock
Wolty,argentine trap
Chancho En Piedra,latin rock
La Oreja de Van Gogh,latin pop
James Hersey,tropical house
Luther Vandross,quiet storm
Jeeiph,unknown
Marc E. Bassy,unknown
Lower,unknown
Rav,unknown
Sonya Belousova,soundtrack
Tech N9ne,horrorcore
Miles Davis Quintet,jazz
Odd Future,unknown
Fetty Wap,unknown
Esbabyface,argentine trap
Matisse,unknown
Cosmo Pyke,bedroom pop
Ra Ra Riot,baroque pop
Matthew Wilder,unknown
Hoobastank,nu metal
Jax Jones,unknown
Mc Rf,funk carioca
Maxi y La Champions Liga,cumbia
Panda,unknown
Lora,unknown
Jovanotti,italian singer-songwriter
Tina Charles,disco
Melbourne Ska Orchestra,ska
Swatkins,retro soul
Breathe Carolina,unknown
Polo & Pan,french indie pop
John Coltrane Quartet,jazz
Scott Henderson,jazz fusion
White Ribbon Day,unknown
Avix,emo rap
killedmyself,emo rap
John Fogerty,country rock
Kaydy Cain,neoperreo
Zion,reggaeton
FMK,argentine trap
Liz Phair,unknown
Los Rebos,lullaby
Offset,unknown
TEMPOREX,bedroom pop
Bil Cutie,unknown
Geolier,canzone napoletana
DeBarge,quiet storm
דודו אהרון,mizrahi
Barenaked Ladies,unknown
White Shinobi,dark ambient
Michael Scott Fan Club,unknown
FLSHBNG,unknown
Joe Sunrise,lo-fi
A Rocket To The Moon,pop punk
TwoRule,turkish pop
French Horn Rebellion,nu disco
M-Beat,jungle
Kelly Clarkson,christmas
Chicano Batman,latin indie
veZk,unknown
Rodolfo Aicardi,tropical music
Matt Duncan,retro soul
Jason Becker,neoclassical
Niko The Kid,tech house
Mariana Baggio,lullaby
Earl Sweatshirt,experimental hip hop
Ben Platt,musicals
Mc Maha,anime rap
Gavriel,unknown
Poison,glam metal
Foreigner,album rock
Olivia Holt,unknown
Cheryl Allie,unknown
Vico C,latin hip hop
Aterciopelados,rock en español
Current Joys,unknown
Giampaolo Pasquile,unknown
Cheryl Lynn,disco
Yu E,unknown
Lisa Stansfield,unknown
The Fratellis,unknown
Los Amantes De Lola,rock en español
Mu'gambi,lo-fi
Astor Piazzolla,tango
Kura,big room
Logan Boden,unknown
The Click Five,unknown
Maso,unknown
Part Of The Art,disco
Salastkbron,rkt
Sencit,unknown
Ryn Weaver,unknown
Bill Lee,musicals
Ritt Momney,bedroom pop
Ava Max,unknown
Keith Richards,unknown
Ignacio Corsini,tango
halberd,lo-fi
KROY,unknown
Billy Crystal,unknown
Tim Berg,unknown
Womack & Womack,unknown
Hotel Ugly,unknown
R-Cue,electro house
Charlie Parker And His Orchestra,bebop
CG5,nerdcore
"Joe ""Bean"" Esposito",unknown
Mc Delux,phonk
Matthew Sweet,power pop
Roberto Roena Y Su Apollo Sound,salsa
Kunning Fox,unknown
Harry Gregson-Williams,soundtrack
OMA,unknown
Dayme y El High,reggaeton
Brooks,future house
Ziggy Alberts,folk pop
The Half Brothers,unknown
Chaqueño Palavecino,folklore argentino
Teau,jazz beats
Los Diablitos,vallenato
Los del Fuego,cumbia
Tuxedo,nu disco
Bea Miller,unknown
Onehunna,lounge
Young Thug,rap
Kings of Leon,modern rock
Miway,cumbia
The 31st Of February,acid rock
FINNEAS,unknown
Elijah Who,lo-fi
The Mello-Kings,doo-wop
Xzibit,west coast hip hop
Xantos,reggaeton
Clarence Winchester,unknown
Wilmer Norman,unknown
Miniature Tigers,unknown
Route 94,house
Los Del Rio,unknown
Chase Atlantic,unknown
Ritmos Latinos,unknown
Pier,argentine rock
The Blues Brothers,blues
LaBelle,disco
Gladys Knight & The Pips,motown
ILLENIUM,melodic bass
Bobby Cole,unknown
Organ Freeman,jazz fusion
Pedro Aznar,argentine rock
Olivia O'Brien,unknown
Loquillo,unknown
Kino,post-punk
Tony Bennett,vocal jazz
Joseph Kosma,unknown
Lucky Luke,slap house
Fabio Fusco,psytrance
Black Pool,bedroom pop
Lakeside,post-disco
Sheppard,unknown
Worakls,minimal techno
Comethazine,unknown
Navy Gravy,
The Pogues,celtic rock
Ciara,unknown
Concepto Religioso,unknown
Tom Zanetti,house
Andrea Bocelli,opera
Sheed,unknown
Charmian Carr,musicals
Dr. House,acid techno
Yannc,reggaeton
Tegan and Sara,unknown
I Built the Sky,djent
Bigworm,unknown
Angelo Branduardi,italian singer-songwriter
Joan Rafart,unknown
Parquet Courts,post-punk
The Church,jangle pop
Nataly Dawn,unknown
El Parcerito,argentine trap
Paul Young,unknown
Massive Attack,trip hop
Rain Radio,unknown
Jessica Lá Rel,unknown
W.A.S.P.,glam metal
Applebloom,unknown
Vitalic,electroclash
DJ In Da House,unknown
Meryl Streep,musicals
Winston Surfshirt,unknown
Quavo,unknown
The J. Geils Band,classic rock
Facu Iñigo,latin indie
Alan Jackson,country
Deftones,nu metal
Richard Cheese,comedy
Los Ángeles Azules,cumbia
PaulWetz,unknown
Dj Kass,unknown
Dave Brubeck,jazz
Midland,country
Café Tacvba,rock en español
Koomz,afroswing
Mateo Ribak,rkt
Camilo,colombian pop
DJ GUDOG,brazilian phonk
Party in Backyard,unknown
Lorde,unknown
Slomow,unknown
Dr. John,unknown
Kenny Wayne Shepherd,blues rock
Gondwana,spanish-language reggae
Ike Quebec,hard bop
La Mono,argentine rock
Milky Chance,unknown
Young Dolph,memphis rap
Mano Negra,latin alternative
R.K.M & Ken-Y,reggaeton
GROUPLOVE,indie
Fabio Concato,italian singer-songwriter
Jon Z,trap latino
Christopher Wilde,unknown
The Ventures,surf rock
Jason Wade,unknown
Yung Lean,cloud rap
Fer,
Michael Angelo Batio,neoclassical
Pedrina,latin indie
La Sonora Altepexana,cumbia
Love Ghost,unknown
Jürgen Saalmann,unknown
Miami Horror,nu disco
Coqeéin Montana,argentine trap
347aidan,unknown
Kazy Lambist,french indie pop
M,synthpop
Flume,future bass
Bruno Cabrera Dj,rkt
Esteman,latin indie
S Club,unknown
I'll Catch Fire,unknown
The Penguins,doo-wop
The Rah Band,unknown
Jay Eskar,future house
Ilkay Sencan,slap house
Richard Armitage,unknown
Otto Knows,unknown
Paramore,pop punk
Third Eye Blind,unknown
Tobtok,deep house
Cementerio Club,rock en español
LLusion,unknown
Manuel Turizo,reggaeton
Green Bull,unknown
MC MM,funk
DENNIS,funk
Edvard Grieg,classical
Geezmo,lo-fi
The Main Squeeze,retro soul
KSI,unknown
Ajay Adam,amapiano
Cauby Peixoto,seresta
dude26,lo-fi beats
Keys N Krates,edm trap
Casey Abrams,unknown
Catherine Zeta-Jones,musicals
Los Jaivas,latin rock
AVAION,deep house
Chet Faker,unknown
Jon Sarta,unknown
Grupo Arenas,unknown
David Maxim Micic,djent
Nstens1117,unknown
Buddy Rich,big band
ABRO,slap house
Yusuf Alev,unknown
Pussy Riot,hyperpop
The Budos Band,afrobeat
Gucci Mane,southern hip hop
Black Star,east coast hip hop
The RH Factor,neo soul
Bobby Day,doo-wop
Television's Greatest Hits Band,unknown
Common,hip hop
Paulo,unknown
RM,k-pop
T-Squad,unknown
Pelo Delazone,unknown
Roberto Carlos,mpb
Giacomo Turra,jazz funk
Wolfgang Amadeus Mozart,classical
K.P. & Envyi,miami bass
1927,unknown
Barney,children's music
Diarrhea Planet,indie punk
The Kingsmen,proto-punk
Shmuel Achiezer,unknown
Nigga,reggaeton
Bo Burnham,comedy
C.C.P.P.,jazz funk
Twiztid,horrorcore
Sarcastic Sounds,lo-fi
Original Broadway Cast - The Little Mermaid,unknown
Té de Brujas,argentine rock
Ramz,afroswing
Waxamilion,math rock
Babyface,quiet storm
Joe Stone,future house
The Beloved,madchester
Spiderbait,unknown
DripReport,unknown
Honso,slap house
2Pac,gangster rap
Quadeca,unknown
ilyTOMMY,unknown
Joaquín Sabina,trova
Diplo,moombahton
Pat Metheny Group,jazz fusion
Tacabro,unknown
Cedric Gervais,edm
Suarez,unknown
Karaoke Hits Band,unknown
Flamingosis,vaporwave
Nick Lowe,power pop
J.PERIOD,unknown
The Waterboys,celtic rock
TLC,unknown
Brooklyn Funk Essentials,acid jazz
Grupo Merenguisimo,merengue
Jessie Hock,unknown
The Versions,unknown
Alonso y Bernardo,unknown
Godsmack,nu metal
Tommy Emmanuel,unknown
Howard Shore,soundtrack
Mora,urbano latino
KOREL,unknown
Moonlight,hypertechno
Andrew Bird,chamber pop
Miguel Cantilo,argentine rock
"Jimmy ""Bo"" Horne",disco
Jordan Rakei,neo soul
Richard Morrison,opera
Militantes del Climax,jazz funk
Cornucopia,organic house
Harry Baker,unknown
August Wilhelmsson,unknown
Louis Cole,unknown
Tracy Chapman,unknown
Bobby Goldsboro,unknown
AC/DC Tribute Band,unknown
Vanilla Ice,unknown
CRO,german hip hop
Injury Reserve,experimental hip hop
Alice In Chains,grunge
NAPO,unknown
Justin Hurwitz,unknown
OMC,unknown
Antwaun Stanley,unknown
DJ Roman,rkt
Knaya,unknown
Black Lab,unknown
Pentakill,power metal
alt-J,indie
Grace Jones,art pop
Ramdiel & Kelmo,unknown
Ghost,metal
Musica para Dormir Dream House,unknown
La Liga,cumbia
Dio,heavy metal
Mano al Cielo,cumbia
"César ""Banana"" Pueyrredón",unknown
Brett Young,country
Oz Noy,jazz fusion
TV Tunesters,unknown
Ms. Lauryn Hill,neo soul
Gino Paoli,italian singer-songwriter
La Sonora Dinamita,cumbia
Chinook,tropical house
Matisyahu,reggae
Pereza,unknown
Nico Szabo,organic house
SOPHIE,hyperpop
Sampha,unknown
DMNDS,slap house
Lighthouse Family,unknown
DubVision,progressive house
Vicetone,edm
Martin Jensen,unknown
Harry Shotta,drum and bass
The Teskey Brothers,retro soul
James Taylor Quartet,acid jazz
Cut Copy,alternative dance
Nujabes,jazz rap
Los Náufragos,unknown
Brøder,
Blur A Buddha Original Opinion,unknown
Camilo Sesto,bolero
Baauer,edm trap
Dream Theater,progressive metal
Asher Roth,unknown
Maldito Peke,cumbia
Sinéad O'Connor,unknown
Los Pollitos,lullaby
Theophilus London,unknown
John Petrucci,progressive metal
Twenty One Two,unknown
Tinashe,alternative r&b
1depth,unknown
Pháo,v-pop
Oscar Collin,unknown
Courtney John,lovers rock
The Videos,doo-wop
Michael Calfan,unknown
Alice Cooper,glam rock
Tortured Soul,acid jazz
Don Cheto,unknown
Mikel Erentxun,rock en español
Take That,unknown
The Alchemist,alternative hip hop
Vanthra,argentine rock
AIRLIBERATE,unknown
Las Ketchup,unknown
YES YES,unknown
夏小桃,unknown
will.i.am,unknown
Johnny Mercer,big band
Dorian Electra,hyperpop
Sari Cucien,lullaby
Cecilia Krull,unknown
Ruel,unknown
BABY GRAVY,meme rap
Carnage,unknown
Kate Bush,art pop
Hank Jones,jazz
2 Chainz,southern hip hop
Lore y Roque Me Gusta,unknown
Travis Thompson,unknown
Solence,unknown
Albert King,blues
Ber,unknown
Scott Rill,slap house
CantoParaBailar,cumbia
Punctual,unknown
Hernan y La Champion's Liga,cumbia
The Outatime Orchestra,unknown
Lucybell,latin rock
Thievery Corporation,trip hop
Ben Gerrans,unknown
"Medeski, Martin & Wood",jazz funk
akiaura,phonk
VAPAE,unknown
Kevin Abstract,unknown
Surf Curse,indie
dvsn,alternative r&b
Nebezao,unknown
Right Said Fred,unknown
Jess Glynne,unknown
Yerba Brava,cumbia
Cósmico,cloud rap
Christina Perri,soft pop
Ok2222,lo-fi beats
lovelytheband,unknown
Mambo Kingz,reggaeton
Curtis Harding,retro soul
Toots & The Maytals,reggae
All Time Low,pop punk
Lionel Hampton,swing music
Miguel Alcaide,unknown
Ultimate Tribute Stars,unknown
Primal Scream,madchester
Joan Osborne,unknown
Roy Ayers Ubiquity,jazz funk
Noah Davis,unknown
El Plan De La Mariposa,argentine rock
Snow,unknown
Arbolito,folklore argentino
Pat Benatar,album rock
Marshmello,edm
Coleman Hawkins,jazz
My Life in Black and White,celtic rock
Chaka Khan,unknown
Eloy,reggaeton
Canned Heat,blues rock
Los Tigres Del Norte,norteño
El Joan,rkt
Sera Panico,argentine rock
Elliott Smith,singer-songwriter
itssvd,unknown
Mott The Hoople,glam rock
Michael Telophone,unknown
Jack Wall,soundtrack
Massacre,argentine rock
Nego do Borel,funk
Vacations,unknown
twuan,lo-fi beats
Crystal Rock,slap house
Beatriz Luengo,unknown
Vague003,unknown
Patrice Rushen,post-disco
Fatboy Slim,big beat
The Fall,post-punk
Niccolò Paganini,classical
Adam Ben Joshua,unknown
Vansire,bedroom pop
Elise Trouw,unknown
Wasback,progressive house
Gustavo Bravetty,unknown
Playa G,memphis rap
Belle and Sebastian,chamber pop
Villanos,argentine rock
Christopher Cross,soft rock
Pikeno & Menor,funk
Qumu,unknown
Richard Bona,unknown
Steel Pulse,reggae
Mitch Ryder and The Detroit Wheels,northern soul
Emanero,cuarteto
Extreme Music,gothic country
BluntOne,lo-fi
TV Girl,unknown
18 Kilates,cumbia
MC Kevin o Chris,funk
